time,sisnthick,sithick,so,thetao,vxo,vyo,10u,10v,2t,sdlwrf,sdswrf,snswrf,tprate,skt,sp,sst,tp
1991-01,0.1779733747243881,1.7038981914520264,27.320056915283203,-1.4908112287521362,-0.0132169798016548,-0.0278179887682199,0.3963818031956164,0.1361459208783755,251.34771530923572,197.3428066191833,4.318931463676594,2.045465078093242,1.365433340122079e-05,249.23168650648063,94605.48960509032,9338.941490096246,4.916328361151291e-05
1991-02,0.2101691961288452,1.84918475151062,27.72640609741211,-1.5140507221221924,-0.0398282222449779,-0.0095754964277148,-0.5537900893770724,-0.5758976738331695,250.3477883004204,189.8433788123669,29.51850801796035,14.000189139749352,7.552101543420906e-06,248.5539071149361,93942.27360305036,9338.94148524857,2.71954861629231e-05
1991-03,0.2182366102933883,2.5238077640533447,28.389915466308597,-1.5518308877944946,-0.008158341050148,0.0045907376334071,-0.0592115821618638,-0.0381535672304883,256.0086670408704,201.61209555921727,92.75566468226808,42.37647412371479,1.3289716639250649e-05,255.10354908711767,93778.45977899256,9338.941488914435,4.785098401630016e-05
1991-04,0.2603403627872467,3.0287740230560303,28.640111923217773,-1.566098928451538,-0.0108484337106347,0.0087245814502239,-0.9523577937078648,-0.0894303078401754,267.80266255025555,231.9483968610588,185.65388768632872,92.3995155734135,5.387076058415352e-06,266.8170534442376,94096.47959107402,9338.941485645004,1.940013579910988e-05
1991-05,0.2024035453796386,3.219204902648926,28.39519500732422,-1.5523221492767334,-0.0270862132310867,0.0157083179801702,-0.7391308465969902,0.1389503708531126,278.28236819633406,274.66423872665683,229.4694888869098,158.73900440701814,1.4869092810743722e-05,277.484523447974,94172.99698712796,9338.94233662232,5.353272400379288e-05
1991-06,0.0412286557257175,2.784791946411133,25.79431533813477,-1.3976459503173828,-0.0121440282091498,-0.0115905152633786,-0.3991857808720367,-0.2070833278258537,283.73094631551726,303.277899453454,252.99015312244683,204.0346831553903,2.087689420624404e-05,284.21176808197555,94529.50353436424,9338.94557197743,7.516076861670668e-05
1991-07,0.0029191165231168,2.582363605499268,25.510522842407227,-1.3889214992523191,-0.0030544600449502,-0.0113902799785137,0.0658908902733427,-0.1451125361297904,283.9914502225405,313.4451620025079,207.8850765140041,173.57222900743497,2.908636271456765e-05,284.9578089353404,94522.46206622494,9338.985080771998,0.0001047139315531
1991-08,0.0048735267482697,2.5732951164245605,26.210289001464844,-1.4227464199066162,0.0449633561074733,-0.0257081519812345,-0.0271657692504015,-0.004655129134845,280.7992440714917,299.3816078078157,149.50600235832022,122.9200374687574,2.73840613889869e-05,281.07177780128654,94277.10161550554,9339.01614776987,9.858358971790186e-05
1991-09,0.02541309222579,2.010591983795166,26.418991088867188,-1.427027702331543,-0.0412599556148052,0.0210177171975374,-1.2719514510600929,-0.0554092461111207,277.1215054003455,286.5456648910257,90.97266038666965,73.87068745041579,1.9923862173882373e-05,276.8426110051134,94274.04268563226,9339.028383012894,7.173014255053811e-05
1991-10,0.0559895634651184,1.718497395515442,26.99515914916992,-1.4691189527511597,-0.0123568465933203,0.022777272388339,-0.0637465336883714,0.2387810753968787,265.3054910197366,238.0737167598359,39.00221009426938,23.08837170405815,1.6259509904395523e-05,263.9840440830432,94447.81150381875,9338.952009722434,5.853444986426631e-05
1991-11,0.1147366166114807,1.6978408098220823,27.51051902770996,-1.501756191253662,-0.0283717662096023,-0.0334718041121959,-0.6764829960774154,-0.7531118196748647,252.4502373840788,190.81944544165847,7.126716050213034,3.732784471798818,8.205529753518396e-06,250.13104384261536,94193.74048769416,9338.941787520343,2.954511214962576e-05
1991-12,0.1347666680812835,1.905728816986084,27.361373901367188,-1.493586778640747,-0.0043256487697362,0.0008632609969936,-0.8960287859715893,-0.276386197448481,249.40107383305465,188.26701844199093,0.8542632947778942,0.3762961886618581,1.0131953436112643e-05,247.3680249004097,93073.91605596693,9338.94147773386,3.648189071112417e-05
1992-01,0.1565878540277481,2.038539409637451,27.36441993713379,-1.4936370849609375,-0.030834924429655,-0.0022470243275165,-1.2104598016057353,-0.6421890016568443,250.65691616747424,194.57166135176843,4.198653129283897,2.0463017386618034,1.0265241455590105e-05,248.6883792681517,93361.8233025114,9338.94148582113,3.696102072063084e-05
1992-02,0.1780386418104171,2.291357517242432,27.752899169921875,-1.5158554315567017,-0.0194737147539854,0.0037503775674849,-0.6450988923308496,-0.3283257352425809,249.1488888010305,186.044973170325,28.752998775408955,13.72004729005554,1.0536477795841368e-05,247.3255036308549,94291.14296224724,9338.94148031139,3.7937221347740456e-05
1992-03,0.236862912774086,2.668942928314209,28.41164207458496,-1.5532537698745728,-0.0273857377469539,0.0076715159229934,-0.6211652834346353,0.151822356502735,258.96319500016807,209.7536665872273,93.77430809816715,43.90689059788562,8.448267963205791e-06,257.95996472758384,94006.9212100228,9338.941493723942,3.042196792178048e-05
1992-04,0.2281346619129181,2.420806407928467,28.57875633239746,-1.562889814376831,-0.026574533432722,0.0049778213724493,-0.1920673045055277,-0.5762817383000469,263.429504293474,221.43686298769697,176.6184106850145,82.1394305970962,1.0203843616151652e-05,263.0692535432466,94558.9074049422,9338.94148840401,3.674416012858474e-05
1992-05,0.2049756050109863,2.375711679458618,28.22929000854492,-1.5430189371109009,0.0351538695394992,-0.020721660926938,0.7973220380517126,0.3484633105544949,272.1600801674961,253.9617704199724,239.56137911451088,128.50168874337837,1.5176548189376698e-05,271.4615083974029,94463.40532521246,9338.941487327878,5.4643861859334434e-05
1992-06,0.0380436740815639,2.409018993377685,25.752328872680664,-1.402820110321045,-0.0046241665259003,0.001089220168069,-0.3731218458595373,0.0354952072976282,283.42486218496305,303.72037609003274,243.3204066537705,193.4178643120488,2.4088419317317844e-05,283.43820931145115,94483.11533464315,9338.943921182092,8.67234520715677e-05
1992-07,0.0014260216848924,2.0200860500335693,25.558862686157227,-1.3436667919158936,0.0045993779785931,-0.0137583296746015,-0.4361426339672541,-0.1307695343714982,285.6063077132872,316.8626442995108,216.20259832697403,184.52005761536745,2.6375469852432183e-05,286.3673688055054,94648.7816082654,9339.13685956134,9.495324424799116e-05
1992-08,0.0063188578933477,1.5423626899719238,26.197893142700195,-1.2228825092315674,0.0167275294661521,0.0175290275365114,0.0143836105665004,0.7789443137966366,282.6475181617983,309.4284637429319,144.03236295715877,121.91092333219731,2.8246051690903115e-05,282.65684230221,94395.07767202372,9339.21325632134,0.0001016894684017
1992-09,0.0278866868466138,1.294531226158142,26.54885482788086,-1.291951298713684,-0.0006015306571498,-0.0188706945627927,0.0389941543693375,-0.6275168409678319,269.44835349732034,247.71442106299563,99.97234572626468,65.29687276410279,1.93905672671021e-05,268.61866990051226,94235.85512797144,9339.019028766084,6.981245900901117e-05
1992-10,0.0994664952158927,1.4093562364578247,27.10072898864746,-1.478217840194702,-0.0220753196626901,0.0095029342919588,-0.1642515561187152,0.2043093740543569,262.3980049013028,226.58354298574992,39.89767112356847,18.79338264881072,1.2626279058459042e-05,260.51979483160625,93877.84688568868,9338.942522338342,4.546119116517551e-05
1992-11,0.1642848849296569,1.4414101839065552,27.50108528137207,-1.5013455152511597,-0.0337258167564868,0.0023731815163046,-0.618175905444112,0.0352747010039698,256.9466876901304,216.05027524148144,5.573061199686181,2.660003912097717,1.7210414555019893e-05,254.95594146934084,93665.86778805943,9338.94148518911,6.196503427181734e-05
1992-12,0.1920354664325714,1.815835237503052,27.35602760314941,-1.493183970451355,-0.0212418492883443,-0.0124912802129983,-0.3375485412982766,0.0634845034418726,249.16589541512897,185.7987055426838,0.8713816809392276,0.3828406491556018,1.1025381498248846e-05,246.50243968552903,94151.11328128792,9338.941488379807,3.969318596672135e-05
1993-01,0.2477479130029678,1.891036868095398,27.35711097717285,-1.4932239055633545,-0.0002988219494,-0.0021952975075691,0.6749547645820614,0.714656462253467,251.1328650298398,195.7853977057075,4.512160840106457,2.1367931028804,1.82630067872286e-05,249.00789982490423,93814.02908201607,9338.94147833968,6.575731875978167e-05
1993-02,0.2859950959682464,2.14993667602539,27.76189613342285,-1.5161097049713137,-0.024346724152565,0.0052907150238752,-0.5213680839690618,-0.0247847222348239,253.8801156804008,202.78160023036017,27.93093194870654,13.088167498389923,8.476616165678845e-06,251.9903278438441,94481.17685691356,9338.941481698695,3.0522966178587e-05
1993-03,0.3138615190982818,2.2716994285583496,28.34735870361328,-1.5496013164520264,-0.0084356302395462,0.0004986161366105,-0.4173580632914257,-0.0322715081982722,259.37268991149574,206.56947102634595,98.17286268247084,46.49572569530029,5.79400970140207e-06,258.3067483935127,94062.3813826429,9338.941483496266,2.0864552325545836e-05
1993-04,0.2935072183609009,2.395622491836548,28.54711151123047,-1.56117582321167,-0.0265131816267967,0.0101405605673789,-1.6648538844019731,-0.5129334870098378,268.8694498362061,232.38026919677787,187.3210314384914,98.97904068388034,3.789771914165684e-06,268.155512161046,94214.89506047926,9338.941512238882,1.3649679223008262e-05
1993-05,0.2572256624698639,2.436453104019165,28.22696304321289,-1.5431506633758545,-0.0364059284329414,0.0197181664407253,-1.4626905466858289,-0.5934305904921899,276.645836151159,271.8867493471054,232.37019204480117,153.38401879370883,1.1030972470447449e-05,276.2075231593363,94618.14645171832,9338.942602159566,3.9718287409092505e-05
1993-06,0.0237314328551292,2.210888385772705,25.926084518432617,-1.1865044832229614,-0.019346272572875,0.0141090461984276,-0.587680944893495,-0.2115793821639352,283.87773410681496,303.2266877483113,250.48072950120024,210.2672064644922,2.383346938429433e-05,284.71173194240606,94452.13123980236,9339.020381318209,8.580466013773733e-05
1993-07,0.0031245735008269,1.5883344411849976,25.565874099731445,0.179227814078331,0.0216461215168237,0.0190771408379077,-0.1332350719577043,-0.1542802561611437,286.98316775453253,322.58017919902034,221.94902203886565,191.12939551624171,2.2122693049358106e-05,287.77821777520893,94884.15593101233,9339.322175767436,7.964596896717924e-05
1993-08,0.0049835038371384,1.1087591648101809,26.28770065307617,-0.1576436907052993,0.016476958990097,-0.008407955057919,0.613294835424853,0.5318159822721276,282.51168084895073,315.1691572392975,131.18056456899015,112.3224653830018,3.3112919977546655e-05,282.8721525153009,94574.48937295644,9339.323766153577,0.0001192094005691
1993-09,0.0227122455835342,0.996070384979248,26.664167404174805,-0.6123672127723694,-0.0370243564248085,0.0052677262574434,0.6093840260852429,0.7878359872565954,275.5349707485861,277.81269277388736,87.97797114205032,67.00103873155238,3.607557679035212e-05,275.03676432149564,94328.85815605048,9339.179075120524,0.0001298755697196
1993-10,0.0873752757906913,1.060880422592163,27.235689163208008,-1.317980408668518,-0.032825767993927,0.0132399816066026,-0.260684358486016,0.4611135895217242,268.3702446300624,253.9834800931816,35.92849044947587,21.684723401601293,1.760741984554205e-05,267.1401742739964,94016.24948440643,9339.054588271423,6.338892149609979e-05
1993-11,0.1396440416574478,1.2633137702941897,27.49575424194336,-1.500829577445984,0.0008104734588414,-0.0261620953679084,0.0324531089919443,0.4475582269994833,257.121617004253,213.83398124768303,5.368846899042399,2.5484970327727723,1.5047899788577654e-05,255.10099599986,93896.03289216405,9338.943688611203,5.418110987349436e-05
1993-12,0.1558747589588165,1.57977557182312,27.42559814453125,-1.4970738887786863,-0.0620742365717887,0.0292944479733705,-1.3927979606835852,-0.2289266846582337,253.96639610282284,203.7152674451065,0.8385872840426281,0.3722419088936547,9.626469169309164e-06,251.67735945630716,93529.68962976224,9338.94148924621,3.466225152375717e-05
1994-01,0.1466618627309799,1.9206522703170776,27.35221099853516,-1.4928913116455078,-0.0490900352597236,-0.0042059123516082,-1.420282024886872,-0.4953363481234433,249.3689648756576,182.8277537905493,4.170860272093002,2.0560996587349103,6.310528615355992e-06,246.55921903607447,94886.8046971528,9338.941502991773,2.272846550192999e-05
1994-02,0.165859654545784,2.141875028610229,27.71951675415039,-1.513759970664978,-0.0109008308500051,-0.0154004050418734,-0.1644587026829187,-0.4117395662104566,249.20594412992517,174.14886004158606,32.85006244609064,16.718195360656875,5.086294789709067e-06,247.2670264798548,95037.24311103746,9338.94148681613,1.8317405020458735e-05
1994-03,0.216022714972496,2.4922666549682617,28.339794158935547,-1.549101710319519,-0.0069443630054593,-0.0018624356016516,-0.3508224757539925,-0.1749438932735669,255.544507948135,206.18368581603943,89.62862932069596,41.02455684547613,1.2576441274867274e-05,254.71400894767316,93844.47739146258,9338.941488652852,4.528048674704763e-05
1994-04,0.2479293495416641,2.707188606262207,28.58332633972168,-1.5631661415100098,-0.0237909238785505,0.006142096593976,-1.0650236574040717,-0.4986098504513352,266.3336661440984,230.41536378881744,180.04711598520177,88.52383523784577,8.169671091567665e-06,265.4702224998842,94345.7405706499,9338.941485105615,2.9416080659320597e-05
1994-05,0.2062504887580871,2.7109930515289307,28.364824295043945,-1.5507805347442627,-0.0346282459795475,0.0065686395391821,-1.0581300581821709,-0.128079244179675,277.0397281629107,268.6940592153076,232.64355722041157,158.70476296884843,1.4403430018474689e-05,276.4733516957999,94038.24900272068,9338.941933250231,5.185664632564374e-05
1994-06,0.048506174236536,2.648963451385498,25.86604118347168,-1.4094687700271606,0.0113099385052919,-0.0085020409896969,0.3040464213920379,0.1132175947634511,282.48702250121966,301.2854703799504,235.14648165558816,187.8329598504642,3.226047129570071e-05,282.8970512102159,94292.26892836909,9338.943958772636,0.0001161408992959
1994-07,0.0013509570853784,2.3989720344543457,25.4244327545166,-1.3844627141952517,0.0020078457891941,0.0008940544794313,0.0573234541164228,0.5536815558335147,286.8075401170559,324.18553159269624,219.8772824822898,185.217251985049,2.619934312659458e-05,287.27664668030724,94530.6456563748,9338.99267653832,9.432184174175537e-05
1994-08,0.009213943965733,1.9866392612457275,26.166593551635746,-1.306291103363037,0.0271981749683618,0.0046832910738885,0.5213441056736623,0.8477881668488233,284.8171942556865,323.6799602332807,149.06505642849726,125.70594307941454,3.1326992469107864e-05,285.203280464472,94661.52576384744,9339.150372807191,0.0001127785486594
1994-09,0.0354411005973815,1.5715004205703735,26.688087463378903,-1.2602484226226809,0.0130520612001419,-0.0308515839278697,-0.3359000211951314,-0.1921195521355259,274.33421463082294,271.99661566342405,93.45055980102488,69.78586899607325,1.8525304822021377e-05,274.1258344804542,94039.67379230424,9339.0915477673,6.669316512214909e-05
1994-10,0.0874483585357666,1.6217644214630127,26.99135398864746,-1.4674042463302612,-0.0193465333431959,0.0110358716920018,-0.3783658168308926,-0.3321183417167418,265.2499853116722,245.1524694978968,36.48056053928463,19.8051135128648,1.550684765676378e-05,263.8875958010523,93601.29426603178,9338.950209844228,5.582734195798078e-05
1994-11,0.1129168719053268,1.7148549556732178,27.43182182312012,-1.4973528385162354,-0.0162807945162057,-0.0051376014016568,0.0936057769485358,0.0425297302717447,251.7870762783542,192.91702472860496,5.777024452762944,2.658945028957659,1.6121122083048813e-05,249.52129722978304,93309.72705092104,9338.941660459916,5.804222626326584e-05
1994-12,0.1548805683851242,1.9088959693908687,27.31688690185547,-1.4911267757415771,0.0007631584303453,0.0068637123331427,-0.4774021506162876,0.1614751626863597,249.65484348732005,190.8168625341716,0.8397539013361953,0.3655598144357398,1.0920475867751878e-05,247.10157381545292,93319.524927439,9338.94149532552,3.931846802665241e-05
1995-01,0.1663618087768554,1.9590574502944944,27.33920288085937,-1.4922068119049072,-0.0185884330421686,0.0183891560882329,-0.6875861076936999,0.1208533656208973,251.19902844839905,191.77704235140556,4.366244311709605,2.2084891554757307,5.3784588961336265e-06,248.5402380593989,93790.74835026928,9338.941481245682,1.936911528101836e-05
1995-02,0.2041705548763275,2.131145000457764,27.71299934387207,-1.5134937763214111,-0.0046175657771527,-0.0177356898784637,-0.2736760682664297,-0.2775627709074238,252.1615346756276,189.5431870670841,30.169752166110595,14.756532561853842,8.126786456789274e-06,250.0373373121243,94871.90336335644,9338.941479332116,2.9269143804921923e-05
1995-03,0.2470621168613433,2.4015676975250244,28.32059860229492,-1.5480332374572754,-0.0043577654287219,-0.0063678743317723,0.0136542376856024,-0.4384033121134199,253.82249883643885,188.40376443490453,99.2753554513147,46.47407469275463,8.74302138265305e-06,252.76830346550855,94776.93732404616,9338.941488040968,3.1483455927816995e-05
1995-04,0.2611935436725616,2.586775064468384,28.588497161865234,-1.5633701086044312,-0.0214609950780868,0.0201055388897657,-1.1756816241811692,0.1393847420059227,270.04835675177395,239.782785648108,180.9042080448204,95.08679885106356,6.140132775524779e-06,269.0233408082112,94267.33855327115,9338.941482393357,2.211094925995737e-05
1995-05,0.2102806568145752,2.527194738388061,28.39700126647949,-1.55264151096344,-0.0352718606591224,0.0111479936167597,-0.745097678508039,0.0030305294352599,278.56283423660875,277.03043139014943,226.25022568372796,164.75453232988556,1.6751501105583907e-05,278.1972321317484,94463.3384405879,9338.942301687684,6.031092139211932e-05
1995-06,0.0405667386949062,2.4011871814727783,26.02874755859375,-1.4040632247924805,0.0006225033430382,-0.005890988279134,0.1353199932653192,0.172605442054056,283.6574807845024,310.810072877665,226.44413411349467,185.49549939703851,3.24354157609955e-05,284.2114686919709,94433.4180743598,9338.947707052354,0.00011676986936
1995-07,0.0070820921100676,1.9507083892822263,25.48363876342773,-0.7706059217453003,-0.0242146793752908,0.0318625792860984,-0.1900069195033083,-0.0634841738402175,285.52149668449937,322.7785316198499,198.24382900472065,169.32549364295178,3.091176941326166e-05,286.05186199791234,94469.56284316767,9339.186731029082,0.0001112853637559
1995-08,0.0048926281742751,1.499957799911499,26.062088012695312,-0.132945254445076,-0.0016909668920561,-0.0121945859864354,0.4159180895683801,-0.0610217973884798,282.0548872523014,309.436661099424,142.01725556013747,121.61865441662796,2.7903553322175425e-05,282.4945823552077,94267.64762449096,9339.350584792306,0.0001004582620932
1995-09,0.0263978634029626,1.337405800819397,26.564010620117188,-0.7864625453948975,-0.0338477343320846,0.0158956814557313,-0.8359414646858663,0.2222737041291966,279.235622290516,295.8696087443255,89.49897010754272,74.65869184453793,2.294444668479224e-05,278.83693941731025,94214.90990298126,9339.19582475997,8.260442228041964e-05
1995-10,0.049620896577835,1.303733229637146,27.117589950561523,-1.319640874862671,-0.0622044503688812,0.0243841167539358,-1.1955589091896768,-0.3554574260429528,266.3787057391056,245.7712108690081,36.72274616708584,24.44871959650018,1.035126458635253e-05,265.4960374024496,93823.31837068275,9338.988060894722,3.727003162405838e-05
1995-11,0.0987892895936966,1.4251006841659546,27.44893264770508,-1.4982506036758425,-0.0233891326934099,-0.0114923641085624,-0.2303916788726853,-0.4597302078652324,253.44351968826112,192.66040982011023,6.95928735300466,3.583120793018828,6.890256562248715e-06,250.9950243083588,94598.43327376618,9338.941834969582,2.4813294742451963e-05
1995-12,0.1531567722558975,1.6559982299804688,27.32691764831543,-1.4914270639419556,-0.0188427977263927,-0.0038032087031751,-0.94376601769909,-0.3375051977630481,248.7962641192648,182.52203963292317,0.9263301597141222,0.4757717628368273,5.299129542690486e-06,246.52065806868515,94228.66114776948,9338.941474598954,1.90842313868831e-05
1996-01,0.175488069653511,1.9495079517364504,27.295774459838867,-1.4897499084472656,-0.006160850636661,-0.0230256672948598,0.1186352974070971,-0.110057041467342,246.52508841664985,174.3121963295887,4.897590132869761,2.5821403340116422,5.421775895821889e-06,243.75342846169647,94856.05254534652,9338.941483149183,1.952367658966351e-05
1996-02,0.2216189056634903,2.185185432434082,27.69417762756348,-1.5123558044433594,-0.0030424925498664,0.0007508748094551,0.1285474429050927,0.2224366807718067,251.63019100422127,194.37926271735623,27.924688839492557,13.019232419918612,1.7530251975448343e-05,249.76687230920552,93801.06234418583,9338.941479168903,6.311521927306004e-05
1996-03,0.271889328956604,2.292776107788086,28.338239669799805,-1.5490111112594604,0.0082214279100298,-0.0027763794641941,0.0782140733155175,0.0393350253732561,258.4203906199803,194.92900009887737,104.72886304005134,48.41160041131971,8.01101532037916e-06,256.7202473309695,95225.15719126465,9338.941486500456,2.88468160090664e-05
1996-04,0.2971592247486114,2.3670504093170166,28.57992553710937,-1.5628862380981443,-0.0303548295050859,0.0151079362258315,-1.074081381486382,-0.6524458383967288,264.6399585219446,215.89534042576585,192.59520170112285,95.96741290951336,5.858641450364492e-06,263.7634662577136,94141.7510238828,9338.941539363832,2.109613401369293e-05
1996-05,0.2784355282783508,2.390075445175171,28.28023147583008,-1.5462795495986938,0.001533834147267,0.0119419014081358,-0.0014426294431322,-0.1713218399078669,275.4798599479328,260.92623008563754,241.7672557948747,154.02643739877766,1.2437049342975996e-05,274.89006506216646,94941.37414915,9338.942352318358,4.477531710245924e-05
1996-06,0.043719220906496,2.287285566329956,25.86271095275879,-1.409801721572876,0.0109192077070474,-0.0009996525477617,0.265795480111462,0.0551077722023756,283.0867213730872,298.60522699587807,247.4037348141748,201.15531131467048,2.5307211278554768e-05,283.461102921575,94342.19957896126,9338.94647625623,9.111100908482269e-05
1996-07,0.0014231353998184,1.9184820652008057,25.57459259033203,-1.3877469301223757,0.0270715244114398,-0.0066002677194774,0.409234180578259,0.3763672774857018,285.27175722355656,320.22411048258505,202.59547655208289,171.0160250518064,2.9066419562489703e-05,285.6870847928152,94740.71071133946,9339.02438968924,0.0001046444142318
1996-08,0.0113607440143823,1.4819213151931765,26.30202865600586,-1.3176625967025757,0.0043209390714764,-0.0224748086184263,0.1978935076456567,0.0460600810718891,279.774376883262,297.31124685042886,144.23830926074208,117.8523796851864,2.9440581396342256e-05,279.89202756403046,94326.61174723688,9339.062703375026,0.0001059879740242
1996-09,0.047218695282936,1.3341119289398191,26.6001033782959,-1.4125416278839111,-0.0369407124817371,-0.0070085595361888,-0.3317709210057462,-0.4584964288736601,272.95649438939625,270.6225646178797,92.65418741112076,64.44833006402288,2.4274970049746104e-05,272.5319562284918,94322.81436503356,9338.977230856655,8.739203486916342e-05
1996-10,0.131071463227272,1.4882460832595823,26.960981369018555,-1.470478653907776,-0.012066108174622,0.0024558620061725,0.0273289630885565,-0.3287752682296905,258.71558704036767,213.33729460876623,42.57167103312652,20.38812603306459,1.307028780604981e-05,256.8540049614647,94242.38170226336,9338.942745177805,4.706050307902788e-05
1996-11,0.1606136560440063,1.583219051361084,27.482078552246094,-1.5001822710037231,-0.0106499977409839,0.0159235820174217,-0.711686948631304,0.0789686557275876,254.4035456468372,198.8358361568073,6.216230305238103,2.945012595545862,7.282918144068616e-06,251.58009370974708,94689.2250318804,9338.941621776885,2.622115198809916e-05
1996-12,0.1644605696201324,1.7329734563827517,27.396381378173828,-1.4955228567123413,-0.0377231575548648,0.0039293486624956,-0.4792691962152574,-0.3701369049976546,250.0280601761562,184.9731181969424,0.9743065221530908,0.4551676619586668,6.553741402571773e-06,247.29238676890444,94348.50205309594,9338.941486355518,2.359859533426295e-05
1997-01,0.186742827296257,2.08350133895874,27.30534553527832,-1.4903444051742554,-0.0159276667982339,-0.0077400524169206,-0.4845364637494459,-0.1705112419958498,246.78441509563217,178.20801607377615,4.939059335865833,2.525414031261354,6.556917635890236e-06,243.9419495389359,94159.39677714134,9338.941481011623,2.361320377526557e-05
1997-02,0.2348258197307586,2.336742162704468,27.688825607299805,-1.512203335762024,-0.0194481573998928,0.004075470380485,-1.0432267083344406,-0.178924922212434,255.83692467415256,206.0443160062395,28.50558546763718,13.954107115905432,1.0079354745002104e-05,254.09237118288257,94052.04295738964,9338.941481107053,3.629418639838301e-05
1997-03,0.2782914638519287,2.700843572616577,28.321361541748047,-1.5481375455856323,-0.0081016095355153,-0.0119908563792705,0.008202397317654,-0.7693837824289733,252.64927505901213,175.19239421546862,107.38216313723628,52.15794646345439,4.062919291649137e-06,251.42469242617173,94706.68972255057,9338.941491051995,1.4633410806323495e-05
1997-04,0.2843230366706848,2.794807910919189,28.5872802734375,-1.5634031295776367,-0.0029764338396489,0.0133024528622627,-0.7347268152513333,-0.0765742972869715,266.8752191646908,221.0363700515018,193.11389811241568,100.0954393004802,5.10758562514761e-06,265.6284623064434,94418.88488870414,9338.941486608275,1.8392784751801532e-05
1997-05,0.2621860802173614,2.7791202068328857,28.302955627441406,-1.5475207567214966,-0.0208792202174663,-0.0021464349702,-0.5210194346731927,-0.2649251532968409,275.7274604387417,263.5954237692953,232.0510063834967,154.99126745980328,1.4451452902443695e-05,275.37836375271206,94875.53557733198,9338.942409900958,5.202979420861732e-05
1997-06,0.0675993338227272,2.67582106590271,25.82529067993164,-1.3979583978652954,-0.0170667432248592,0.02850884757936,-0.2303590147565795,-0.2374891812043334,283.7133585457712,305.6098937714566,244.5759168530582,199.3680730651457,2.357495255762323e-05,284.01506180933546,94364.57864189212,9338.97921053705,8.487431633616724e-05
1997-07,0.0018060748698189,2.350172519683838,25.435640335083008,-1.1873477697372437,-0.0083964029327034,0.0023234379477798,-0.082003875998621,-0.2403498628367742,285.8224897776456,324.202631817141,203.40892519672423,174.3811526979033,2.9342578103025867e-05,286.588832174494,94438.9176585422,9339.21212897397,0.0001056392222621
1997-08,0.0051246699877083,1.7571098804473877,26.205411911010746,-0.6690266132354736,-0.0038792646955698,-0.001353689469397,0.4145090878869065,0.6140776992219615,283.6382176451717,322.27534683840224,128.54111592132145,110.35504006933722,3.4062376868182095e-05,283.7652024436092,94520.80255236904,9339.303183507198,0.0001226282592495
1997-09,0.0135320657864212,1.4255410432815552,26.662643432617188,-0.5966532230377197,-0.0446546450257301,0.0342839434742927,-0.8212046141252134,0.1282985598115594,278.32630968153404,292.59512972881845,87.25926338117092,73.60201635736226,1.9968439957205533e-05,278.107925429731,93938.60772032032,9339.168384428534,7.188977513796791e-05
1997-10,0.0369093082845211,1.410225510597229,27.014183044433597,-1.3142961263656616,-0.0399763062596321,0.0183900017291307,-0.4165029500664994,-0.4749741691432192,262.0285085480599,223.97878350996157,40.775101955878895,24.71637034255889,1.3737845081840514e-05,260.9006258933706,94241.04014489093,9338.97426529228,4.946167712363266e-05
1997-11,0.0749439224600792,1.4624208211898804,27.40695571899414,-1.4958430528640747,-0.0347866415977478,0.0195636190474033,-0.690521960889716,0.335896380288683,259.06631947469265,219.0800153593356,5.835445048982588,2.857397149952368,9.47319915293151e-06,256.78359099574857,93376.70940042386,9338.942036377188,3.410401581814479e-05
1997-12,0.1349459886550903,1.6624608039855957,27.320039749145508,-1.4912611246109009,-0.0484513081610202,-0.0119904037564992,-0.8575677230185613,-0.4469019445961903,251.80855618946583,197.08354310254668,0.8347400949329029,0.3744743362043261,1.225860460113388e-05,249.66801397268603,93183.6310355992,9338.941482614791,4.414148753525485e-05
1998-01,0.1594625860452652,2.0788278579711914,27.288116455078125,-1.489274263381958,-0.0409141704440116,0.0078659700229763,-1.2055315907643605,-0.6335955308317486,246.7384654218,176.56505272697387,4.651945895178027,2.3870708840022825,3.836303365003446e-06,243.9257971422144,94094.73100093004,9338.94148990894,1.3827955426463622e-05
1998-02,0.1650668680667877,2.2751145362854004,27.725160598754883,-1.5140656232833862,-0.0355565026402473,0.0089809782803058,-1.2574125902771838,-0.6062257844801493,253.5105671755612,195.92420834086627,30.29191496778996,15.704626228262963,4.399078031902019e-06,251.84425566242223,93316.90058192408,9338.941491756666,1.585741920888703e-05
1998-03,0.1740918010473251,2.268418550491333,28.327791213989254,-1.54840350151062,-0.0208840109407901,0.0158385094255208,-0.870202162197614,0.1295679939058313,260.55970900423387,202.15275477198057,99.80994915489072,53.365360094941096,3.7346494224298206e-06,258.9948095901002,94144.56974239978,9338.941487427111,1.3454176638722045e-05
1998-04,0.1631773710250854,2.0497593879699707,28.606111526489254,-1.5643752813339231,-0.02654480189085,0.0148522173985838,-0.8583832583049096,0.5346211558894107,270.75070832041564,240.761297340556,175.6919399781443,97.02046843933516,8.999411950496982e-06,269.742944224836,93837.85345282264,9338.9415303664,3.240506046764072e-05
1998-05,0.1513611227273941,1.9492497444152832,28.359169006347656,-1.5455459356307983,-0.0281891021877527,0.0135051654651761,-1.0784020662452265,0.2759641587737401,277.4534900024408,276.4176412099281,223.322801645114,151.912930186253,1.879696522314935e-05,276.92428969156805,94080.17486776075,9338.95160861362,6.767539357607053e-05
1998-06,0.0161104425787925,1.6465553045272827,26.165225982666016,-0.7705121636390686,-0.0262093562632799,0.0292829573154449,-0.2646765244299086,0.09342050269214,283.6755999469625,307.39357390765224,232.2255825073748,195.5807297482873,2.9371767420420052e-05,284.142407903083,94680.24608788596,9339.147504938508,0.0001057428146677
1998-07,0.0006889819051139,1.135772466659546,25.492969512939453,1.629315972328186,-0.0252222642302513,0.0219845846295356,-0.4152487175891098,0.149504579054064,286.73851385562017,323.19139366438367,217.2528386367933,187.63006913097507,3.5282172909701855e-05,287.54063873966805,94567.2877555782,9339.390993858851,0.000127017554721
1998-08,0.0059313592500984,0.8511821627616882,25.990802764892575,1.782415509223938,0.0010872827842831,0.0074219754897058,0.6330952782240009,1.0524326790280605,282.26241730450505,310.11652456574586,137.8437596715858,117.61798518286112,3.51371642476754e-05,282.5677023172256,94094.23367678052,9339.470216918417,0.0001264957462447
1998-09,0.0057059545069932,0.633359432220459,26.347719192504883,0.8935948014259338,-0.0444233790040016,0.0220103226602077,-0.2330099914262747,0.3967785623020605,276.9323688704065,281.81616908539576,93.32803700363456,75.16018363031503,2.206598406979233e-05,276.65394263963145,93952.08870666967,9339.382890972794,7.944211456744214e-05
1998-10,0.0285371877253055,0.656707763671875,27.067689895629883,-0.7402502298355103,-0.0573405288159847,0.0127964941784739,-0.92815096026367,-0.1469380666074163,266.1081887880907,233.9413402162596,43.541443404329456,27.93095057638306,1.1625681216917434e-05,264.8361966608481,93979.79664679313,9339.114405748003,4.185881310382217e-05
1998-11,0.0745883509516716,1.0430145263671875,27.52410125732422,-1.4657270908355713,-0.0617195218801498,0.0006993536371737,-0.9410090598368054,-0.1829340269700425,256.58341733254696,206.1735463779344,6.745697708366651,3.573420545322188,4.132705779832296e-06,253.6251887083048,93710.98423497536,9338.96326548678,1.4883736319130262e-05
1998-12,0.1207440048456192,1.3823530673980713,27.3171443939209,-1.4908843040466309,-0.0241986326873302,-0.015398352406919,-0.1641241558419421,-0.291769992026046,252.4411617168076,196.9634221742004,0.9088030288176578,0.4247462049698953,7.88256901754839e-06,250.0421707484672,94331.53864617602,9338.941478874069,2.8383840546113756e-05
1999-01,0.1654507666826248,1.722989201545715,27.233402252197266,-1.4861394166946411,-0.0098806312307715,-0.0071670250035822,-0.1569680949267709,0.0101607252212373,246.37920771274617,174.0494894306088,4.638976527543132,2.310451126047115,7.492915005616448e-06,243.7748758550721,94122.16567164772,9338.941477528637,2.6984060146172173e-05
1999-02,0.197059765458107,1.9096581935882568,27.65363883972168,-1.5099427700042725,-0.0235259290784597,0.0106925098225474,-0.3657038782760385,-0.0856177107637971,247.12275887945356,174.0847398101328,31.198660728629957,15.785352989923808,3.927625165263754e-06,244.79215755440077,93292.5812261974,9338.941476965536,1.414920398527235e-05
1999-03,0.2083476930856704,2.0578129291534424,28.26754570007324,-1.5448328256607056,-0.0252434890717268,-0.0054438789375126,-0.7968068100601963,-0.6499976488855349,255.13828171635404,193.25871744609876,98.09691730809512,49.15624423841199,6.20723226870893e-06,254.22307546743312,93865.00653119276,9338.941490291552,2.235104329388367e-05
1999-04,0.2169929593801498,2.284475803375244,28.53843116760254,-1.5604828596115112,-0.0232112817466259,0.001452145865187,-0.8835946956338809,-0.1599719732091622,265.4546096582658,224.72473226627676,181.6319166795032,90.2451146016044,1.0112381515583547e-05,264.7168502938016,94266.48449457648,9338.941483986391,3.6408867412270125e-05
1999-05,0.2014207690954208,2.2902374267578125,28.298606872558597,-1.5471618175506592,-0.0293793957680463,0.0111789777874946,-1.125260193710501,-0.4519322817179582,275.09010186392254,258.1803126362246,242.64405762559215,157.46414621584094,1.1603818717211971e-05,274.68925590639327,94355.86098774882,9338.941571865786,4.177696349786944e-05
1999-06,0.0276896804571151,2.19800353050232,25.815109252929688,-1.4067246913909912,-0.0114107551053166,-0.008266158401966,-0.5963615175764806,-0.3544128297540124,284.27243128028255,306.45900538673993,246.5668484930663,200.5291647133604,2.133767854746585e-05,284.6282425735309,94351.65795593444,9338.962931954657,7.681934403452141e-05
1999-07,0.0009170309640467,1.9986305236816408,25.418657302856445,-1.3825674057006836,-0.0186041388660669,-0.0047195772640407,0.3825564415855947,-0.1130913316773022,284.72940430989223,314.9118259870066,210.59288009785,176.99457507415195,2.878587460844453e-05,285.4661388411023,94656.184480689,9339.054739093672,0.0001036320886622
1999-08,0.0030847694724798,1.4036496877670288,26.07121086120605,-0.7706280946731567,-0.0358374156057834,0.0324835404753685,-0.5445784524699752,0.0583660935186745,283.7318156201836,316.5037316143763,145.49230961528085,125.27823904778973,2.6542306124990836e-05,284.01253154039097,94272.62665339922,9339.25757817148,9.555312857476024e-05
1999-09,0.0199880860745906,1.0437517166137695,26.6424617767334,-0.8859368562698364,-0.0154761727899312,-0.0020474079065024,-0.0765679950232856,0.2023085111163436,276.5248166887748,278.6819654801889,95.15106851161026,77.35757773511659,2.285380453063681e-05,276.2389700749666,94022.46586707848,9339.154346365784,8.227687361579788e-05
1999-10,0.0463270507752895,1.2102488279342651,27.113710403442383,-1.4212255477905271,-0.0671274662017822,0.0061731743626296,-1.1346446073249017,-0.5578525278515649,263.5518923034066,234.79059915851516,38.56230681613046,20.853976469339194,1.862096779750865e-05,262.12423315684515,93837.83046224684,9338.96752415925,6.704191728102047e-05
1999-11,0.1047037094831466,1.5056469440460205,27.370088577270508,-1.4937353134155271,-0.0279845520853996,0.0048693353310227,-0.6374520865276405,-0.2376081927560307,253.3216570284409,196.56225570137377,6.565904794636811,3.2698201508409928,7.477021754096118e-06,250.80574173675876,93618.4435549095,9338.94152309903,2.692751127253933e-05
1999-12,0.1160857677459716,1.7257654666900637,27.30684471130371,-1.4904597997665403,-0.0298123024404048,-0.0116979824379086,-0.3931070030692327,-0.4357342244022483,248.3281157051782,184.71227861600136,0.904409225631976,0.4308180549506771,1.910699944454886e-05,246.1365401442025,93822.20391295916,9338.94147780529,6.878899263755224e-05
2000-01,0.1647451967000961,2.150470972061157,27.25833320617676,-1.4875941276550293,-0.0054679019376635,-0.011023317463696,0.1039422966613427,0.2658608670149358,249.4144164034068,191.3174473386447,3.767475787379678,1.7589633646696317,1.4732434438940216e-05,246.848261405722,93837.06818021674,9338.941494569885,5.304304341762995e-05
2000-02,0.2037327289581298,2.3699913024902344,27.66361618041992,-1.5105535984039309,-0.0152882132679224,-0.0032211719080805,-0.8210281647819424,-0.091596907554824,256.3300071535151,209.34542871312468,28.933339224909865,13.612604877996043,7.975103734244973e-06,254.57563272457165,93906.28843755947,9338.941482596369,2.8721011008417697e-05
2000-03,0.215228259563446,2.495638847351074,28.316600799560547,-1.5476378202438354,-0.0348448492586612,0.0100852008908987,-1.5636172660796048,-0.4869589308647821,257.6813105587846,200.54194814488784,98.85888473417111,48.820666805498014,6.895068431510264e-06,256.5143750951797,93839.31891774526,9338.941479952364,2.482976487349318e-05
2000-04,0.2192266136407852,2.61702036857605,28.561145782470703,-1.5617015361785889,-0.0186022948473691,0.0007622452103532,-0.8930524342515684,-0.6842289587667056,264.95287946308434,215.6690542529722,191.60925521520517,94.7342275014303,6.2795916818654896e-06,264.23399282285544,94570.2899668946,9338.941519370614,2.2612288392659505e-05
2000-05,0.2358192056417465,2.6727914810180664,28.6497859954834,-1.5668058395385742,-0.0015991317341104,-0.0030668547842651,-0.2296515599056121,-0.3280120239859844,272.8119145584363,251.530093512074,245.58808593263493,135.0876624941714,1.1876017386531948e-05,272.1554793840465,94587.7841064109,9338.942049137142,4.275967038195849e-05
2000-06,0.07000432908535,2.649722099304199,28.48393440246582,-1.557580828666687,0.0101719126105308,-0.0004067920381203,0.1810276136975489,0.1723407748081072,284.05547555785245,300.62611667194,261.26911770458366,202.8528783197748,2.1999099683737817e-05,283.6824778283117,94486.24836325506,9338.943961251822,7.919961206332668e-05
2000-07,0.0012639748165383,2.3549087047576904,28.2867374420166,-1.5464023351669312,-0.0028899547178298,0.0086082909256219,-0.0311629768401976,0.2326684206552219,284.4200062696721,319.7097863067471,191.9907569056168,160.99666856604432,3.276099371235626e-05,284.65854243585244,94382.92293818346,9338.981614819844,0.0001179429339556
2000-08,0.0091606182977557,1.96308696269989,28.297401428222656,-1.4901188611984253,-0.0064270114526152,0.0033765521366149,0.1867214235898316,0.0352222435908555,280.053491822734,298.8686927451608,141.75119986031882,116.75599519748978,2.978108235463356e-05,280.0653181556257,94709.38475075578,9339.135540192734,0.000107215336905
2000-09,0.0109435906633734,1.3089327812194824,28.239477157592773,-1.1983098983764648,-0.0020784710068255,0.010625684633851,-0.0540433395782558,0.140818371952069,274.4196508331906,275.58772024950576,86.73475823501576,64.12178886129313,2.8635497983731328e-05,273.80761409726364,94123.16602736487,9339.127390715485,0.00010308968776
2000-10,0.0533272735774517,1.1272633075714111,28.049318313598636,-1.4823027849197388,-0.0029785861261188,0.0004477279144339,-0.4732081567721791,-0.1022267632752976,264.3343937067488,236.676509341698,39.341823927846335,19.99090608944273,1.3818104695060203e-05,262.5662532282434,93821.58792771792,9338.957014467229,4.975129852214923e-05
2000-11,0.0847426280379295,1.4314091205596924,27.89457130432129,-1.5236191749572754,-0.0282472651451826,0.0024650790728628,-0.9936056664726712,-0.0434410089898567,258.21037397569245,216.15279960306145,5.737454840395442,2.783597046259997,1.1473834511455188e-05,255.8654310450124,94019.2353672055,9338.942195347105,4.130991873624389e-05
2000-12,0.1065300107002258,1.7901599407196045,27.80396842956543,-1.5184450149536133,-0.039330568164587,0.0068474090658128,-1.6356916969358992,-0.4125259871528323,252.98045014790043,195.73732106800816,0.8673020067388941,0.4048544135500365,7.635147022417766e-06,250.18049681089192,94621.91756386597,9338.941476585074,2.749440456617853e-05
2001-01,0.137810930609703,2.0997135639190674,27.81833267211914,-1.519357204437256,-0.0315877683460712,0.0110781425610184,-1.2703170198745994,-0.1862456098693843,256.39025959317667,213.19946343845027,4.174239237893443,2.032140264821769,1.2495252479511808e-05,254.2452241994652,93256.96097915144,9338.941478874069,4.499453706859586e-05
2001-02,0.1555647104978561,2.2325098514556885,27.95454406738281,-1.5270071029663086,-0.0132887242361903,0.0067445021122694,-0.5770867480863645,0.2307165966970868,255.76283901727672,200.9984148760277,30.42381376450968,14.57463129307977,9.669197547645465e-06,253.3552739681365,94414.77678517478,9338.941475989368,3.481768344518396e-05
2001-03,0.1638700067996978,2.371770143508911,28.432767868041992,-1.5543019771575928,-0.0226329062134027,0.0044514038600027,-1.1900575308538586,-0.7851851118614626,254.5710682706635,189.82704750357556,100.24188721118324,47.71656774544339,8.211607408768626e-06,253.66954377373904,94289.9661276024,9338.941487424298,2.957172440202848e-05
2001-04,0.1896732598543167,2.4265029430389404,28.638887405395508,-1.5660285949707031,-0.013642344623804,0.0054611433297395,-0.835941868016492,-0.2302214237538909,266.0296285686755,227.9364114087601,179.7642593874647,85.96768053159279,9.952299715395704e-06,265.331537504565,94093.48130110416,9338.941489630986,3.5833438812436366e-05
2001-05,0.2103404700756073,2.5142219066619877,28.61372756958008,-1.564861536026001,-0.0093957167118787,0.0066236802376806,-0.7799859857128236,-0.4400640226033345,272.19074831886223,252.2892430843374,244.1469521026177,131.5804679580159,1.2294715884143004e-05,271.65835839042626,94262.4043844406,9338.941494753395,4.4267072435742126e-05
2001-06,0.042679239064455,2.3889389038085938,28.576648712158203,-1.5628528594970703,0.0043024588376283,-0.0021044961176812,-0.1349928373578722,-0.2581395300975748,283.3417088306423,300.83690180032323,250.64144874470315,198.06008883415524,1.6877355508662664e-05,283.4154752859283,94825.9799838379,9338.94769500931,6.07613344767585e-05
2001-07,0.0025632185861468,2.104457139968872,28.29111862182617,-1.546653151512146,0.0020146735478192,0.0007062630611471,0.0983313640521652,0.1568706249209,284.28152747836026,320.4297308022269,188.53317283401813,156.99040927599842,3.34574510351345e-05,284.6368066743915,94451.00171772168,9339.02288633721,0.0001204501995998
2001-08,0.0085078915581107,1.7770698070526123,28.204425811767575,-1.4767564535140991,0.0108534647151827,0.0018396540544927,0.170126989448283,0.3288899144877552,282.6709462442598,313.8345775360741,137.73343949932195,117.18259355086283,2.466682686408901e-05,282.7773532494509,94215.88976927474,9339.102983777706,8.880480364639539e-05
2001-09,0.0118617303669452,1.3074934482574463,27.951902389526367,-1.2108427286148071,-0.014849055558443,0.0061948564834892,-0.3574382802538809,0.1563215083368837,277.373577287266,280.09853678868444,97.79243033031122,82.35399807377863,1.4356457558731236e-05,277.0514625666232,93800.49462256608,9339.132735875975,5.168943831729519e-05
2001-10,0.0577256269752979,1.269037842750549,27.7310733795166,-1.489421248435974,-0.0294696483761072,-0.0061896024271845,-0.7267977593638171,-0.6815322404235794,264.47631077420965,238.40130390807565,35.81720290771099,21.19285534760731,1.6346826700915714e-05,263.1880664336394,93810.05745467014,9338.96082929155,5.885705396980117e-05
2001-11,0.1022776290774345,1.5837970972061155,27.655675888061523,-1.5100849866867063,-0.0181831512600183,0.0099823931232094,-0.9237048429448406,-0.2970780736790951,255.0595276131718,199.89880393161604,6.424057723435447,3.280232966219287,4.7311797641007965e-06,252.4111892961345,93892.03144689348,9338.941476745467,1.7036546821051138e-05
2001-12,0.1359574347734451,1.7299741506576538,27.569904327392575,-1.505237698554993,-0.0068616238422691,-0.0037839612923562,-0.3011623151002255,-0.230506302388752,250.18153784507248,188.57607123764737,0.9340891468397762,0.4581297494208789,6.618152869337616e-06,247.47372227932115,93480.56365480094,9338.941470323838,2.383293233304276e-05
2002-01,0.1634489744901657,1.9460092782974243,27.61833953857422,-1.5079755783081057,-0.0128901759162545,0.0099748894572258,-0.539494637335082,0.0364710178931393,252.85411773843464,200.71994817092863,4.36671187948388,2.114332007097191,1.1012802365309695e-05,250.5483912168836,93674.38907003404,9338.941483683571,3.965831812360422e-05
2002-02,0.1640871614217758,2.153319835662842,27.90053367614746,-1.5239195823669434,-0.0256455168128013,0.0104246726259589,-1.2065971746325743,-0.1233644452329074,251.4048815620256,186.9277838245361,30.324141625335447,14.657428269434506,6.760604648921581e-06,249.20397040760568,94045.61212393906,9338.941481127147,2.434652973385232e-05
2002-03,0.1976367682218551,2.2840394973754883,28.35966682434082,-1.5501996278762815,-0.0110451914370059,-0.004998184274882,-0.5060291903704217,-0.4248710587277174,257.0085788885563,184.6499473309988,107.5708151520432,55.06798296628215,3.813773024641344e-06,255.46153721285444,95448.64313012637,9338.94148593772,1.373386485777877e-05
2002-04,0.2236053943634033,2.434133529663086,28.6513729095459,-1.5668100118637085,-0.0003249176079407,-0.0030158788431435,0.7877500019712921,0.2801139899997788,263.6629682376616,221.80315836992185,171.34182594375005,81.663484894548,1.7070374129705902e-05,263.0616362036314,94902.69304001656,9338.941490794148,6.145964136051585e-05
2002-05,0.225332885980606,2.4133009910583496,28.694026947021484,-1.5694808959960938,-0.003874460235238,0.0080104004591703,-0.8070421672882222,-0.2409338588897052,275.7219698143424,253.00931847470977,260.2793036267089,166.39004033615146,9.707511048502143e-06,274.7617489086972,94836.02409664817,9338.942426844264,3.494947121485109e-05
2002-06,0.0367644801735878,2.3409581184387207,28.48318862915039,-1.5576251745224,0.0054716835729777,-0.0021644844673573,0.2364669839750606,0.0149075298946033,282.6339148233034,300.0889055924032,237.34120838383132,193.36157812296327,2.7750352273195708e-05,283.0634344738444,94310.7625743189,9338.949796445146,9.990549150265688e-05
2002-07,0.002779298229143,1.9869320392608645,28.38130760192871,-1.5515576601028442,0.0216060020029544,-0.0102446042001247,0.4675060978538155,0.1165266959775151,284.85562948224367,314.84957501223715,212.14792666426092,177.5975371378517,2.8682311189735754e-05,285.3227872977133,94574.86625241498,9339.01159394113,0.0001032600159933
2002-08,0.0056686201132833,1.4464939832687378,28.287622451782227,-1.3958088159561155,0.0182230230420827,-0.0106551274657249,0.637780641542327,0.1148514008277519,280.8412966691254,302.707388305094,145.13973083562138,119.67175442778262,3.413151356957027e-05,281.0172012700613,94435.30565311344,9339.12723561154,0.0001228746070314
2002-09,0.0085654556751251,0.72591233253479,28.34187889099121,-0.8828142285346985,-0.0030179931782186,0.0289213750511407,-0.2507857879053381,0.5889486818450607,277.5871165507786,287.42250812150246,90.32263654734652,73.9431010994743,2.2383826173931855e-05,277.0163899253718,94052.48681559548,9339.140556518052,8.058511861714828e-05
2002-10,0.0507785901427269,0.8287937045097351,28.1912841796875,-1.389524221420288,-0.0245165638625621,-0.0013620149111375,-0.2814849365742258,0.179829940571869,268.5720361939669,251.73587368197585,37.29325216506832,22.246100869851468,1.7784222970425104e-05,267.0672867113385,94187.6762771698,9338.973655762418,6.402640080259047e-05
2002-11,0.1136983186006546,1.3710094690322876,27.99223899841309,-1.5288043022155762,-0.0446106009185314,0.0155674526467919,-1.35229435875588,-0.2383383055161528,262.0397714097447,233.6407460252932,5.535025719386795,3.124389731023242,1.2096588972093233e-05,260.2373986823925,93689.73068375971,9338.942454249507,4.355667675476933e-05
2002-12,0.152218297123909,1.6046321392059326,27.899629592895508,-1.523945450782776,-0.0238702706992626,-0.0004971552407369,-0.5206595327221876,-0.2215111646801461,257.4807640051206,215.6138948346365,0.8122449360469963,0.3875988271825549,7.662516525427155e-06,255.09459900046875,93266.00976670784,9338.941548980209,2.7600805326200044e-05
2003-01,0.1882064789533615,1.8228442668914795,27.627832412719727,-1.5085045099258425,-0.0130716897547245,0.0133717097342014,-1.1079492304799936,-0.0560751611471926,251.11877527563783,185.89262413096472,4.819913814978888,2.478425657944752,5.166464011460216e-06,248.10737600848995,94191.83526467285,9338.941466583114,1.8609210562386453e-05
2003-02,0.174724668264389,2.020164966583252,27.78433609008789,-1.5174251794815063,-0.0204360410571098,-0.0047517633065581,-1.3147450091624784,-0.1593132764415613,255.55199734245053,209.7047483015924,27.61223965716689,12.98393996125193,1.5818251562850168e-05,253.5078101027595,94538.97586795478,9338.941486333204,5.695333070797102e-05
2003-03,0.2054329961538314,2.3117153644561768,28.258663177490234,-1.5442900657653809,-0.0063477451913058,-0.0060940985567867,-0.4066007671033897,-0.7571742440807719,255.29169898644415,187.45389214598157,101.68419421180587,48.35744755117925,6.970576914563377e-06,254.04973477831388,94529.45555162462,9338.941486355518,2.5105454045977964e-05
2003-04,0.2302971333265304,2.358226537704468,28.52734375,-1.5598021745681765,-0.0088227652013301,0.013470834121108,-0.7382508299928772,-0.2159378796502734,267.13673846178875,225.02163509514875,188.22868833259997,99.22744587372488,5.735663853802313e-06,266.0550292252352,94334.41092051264,9338.941482161366,2.0654645308297157e-05
2003-05,0.2160037755966186,2.337153673171997,28.573633193969727,-1.562592625617981,-0.0058097285218536,-0.0018869786290451,-0.2893358034607188,-0.2590890274304216,274.6456390292714,260.33369072619377,232.3879859612056,146.80704146193207,1.505711025378186e-05,274.25544739471167,94461.71707747092,9338.942678017742,5.421199468577774e-05
2003-06,0.0721240639686584,2.3439438343048096,28.42606735229492,-1.5543451309204102,-0.0116805313155055,0.0051792724989354,-0.6559391204042488,-0.1214259676892745,283.18638722352694,295.1691383168374,261.6932909207611,212.39276175239925,1.9145545441327308e-05,283.76968363652185,94508.78857758008,9338.94990967118,6.892643463768017e-05
2003-07,0.0036086982581764,1.8383393287658687,28.40311622619629,-1.491465449333191,0.0308193229138851,-0.0117279672995209,1.1500786530216272,0.5999351592316629,285.1821992939476,318.7441082511792,200.8981278583508,168.25297955850303,3.890256693016375e-05,285.57899822276846,94396.1830217898,9339.045772739271,0.0001400503048611
2003-08,0.0111794611439108,1.186299204826355,28.52664375305176,-1.1691540479660034,0.0123219052329659,-0.0112704774364829,0.2759684692091775,0.3129871472114856,282.0656299110552,310.698262706043,139.5792138411015,118.56921349202858,3.119142484286849e-05,282.21508095219144,94379.02169298034,9339.1491615181,0.0001122922337219
2003-09,0.0143797229975461,0.5925843119621277,28.460596084594727,-1.0514557361602783,0.0139489071443676,-0.0090289935469627,0.115796587278502,-0.2370598736041542,274.0352322135797,264.7271108622265,100.9305603777712,76.54063605750015,1.813413969694256e-05,273.53089707767504,94396.50383319278,9339.13528009835,6.528681812712377e-05
2003-10,0.0617680475115776,0.736195981502533,28.30313873291016,-1.409553289413452,-0.0320449620485305,0.0155244674533605,-0.6498301983527938,-0.0074003151739112,269.99753280884767,260.4549979085866,36.68129063776372,26.132002363906864,1.2561286019141154e-05,268.8351899359213,94082.44585967768,9338.987104143253,4.522922971195815e-05
2003-11,0.1266546249389648,0.9144083261489868,28.218963623046875,-1.5404926538467407,-0.0027923304587602,0.0028183658141642,0.2006394653498033,0.442291251467957,256.4129044249917,212.9376299544914,5.44375077195171,2.8049576902076,1.7608353215350894e-05,254.4007642695625,93829.99339235456,9338.942222803496,6.339717383253523e-05
2003-12,0.1811929941177368,1.2022162675857544,28.03036880493164,-1.5312604904174805,-0.0331147983670234,0.0220001228153705,-1.2034822769187892,-0.2774479921390513,251.0293334618609,193.87035406663773,0.8846667779866851,0.3973238043321025,1.126952441941849e-05,248.86484471645156,93260.74451954346,9338.941491734666,4.0582909909276335e-05
2004-01,0.2149639129638672,1.6559911966323853,27.79120445251465,-1.517772912979126,-0.0249517485499382,-0.0083736907690763,-0.80855783761175,-0.6675767820418755,246.5018284578452,168.72090831207476,5.152687310846639,2.5837608414369115,6.532270077257425e-06,243.29762100208143,95141.26693277952,9338.941487958688,2.3524860535936915e-05
2004-02,0.2275877445936203,2.046178340911865,27.79187774658203,-1.517807126045227,-0.0292635895311832,-0.0032598220277577,-0.993682983118277,-0.5168003945349271,251.79345657112947,195.1116651657672,29.012986055343426,13.825923715059083,9.573102318128304e-06,249.7831566618968,93961.7523674176,9338.941474027712,3.446852255112515e-05
2004-03,0.2407788932323455,2.3514020442962646,28.231184005737305,-1.5427792072296145,-0.0139433210715651,-0.0087592303752899,-0.4657724984017482,-0.5742586248697498,253.3575002023336,186.55293547069536,99.80787008138768,48.09406563511924,9.158072606758663e-06,252.43867842667288,94312.62741490376,9338.941486355518,3.297634287479335e-05
2004-04,0.232745423913002,2.5203640460968018,28.43554306030273,-1.5545499324798584,-0.0221041366457939,0.0130829541012644,-1.125926140795978,-0.1075577983451206,266.79057825497813,227.50999261971432,186.7747916906118,93.10301201053352,8.17517813273114e-06,265.85218549861173,94587.02344884723,9338.941488903509,2.943684175906121e-05
2004-05,0.2102561295032501,2.50736141204834,28.501604080200195,-1.5584489107131958,-0.0205997582525014,0.0103264646604657,-0.7472789814025586,-0.1781645121692167,276.7091183836296,273.1696317812446,223.47545298137916,146.59081335263892,1.567932455448544e-05,276.1347192872093,94782.78681406092,9338.943264400672,5.645138142487392e-05
2004-06,0.0321666859090328,2.423518657684326,28.35606575012207,-1.5436766147613523,-0.006674088537693,0.0017158373957499,-0.752292156088412,-0.1970164979643843,286.7272301528937,311.5198244757144,272.7366357112664,229.6947407956874,1.358199986368218e-05,287.6382125675966,94901.54001171127,9339.034981300658,4.889746168636332e-05
2004-07,0.0026387185789644,1.9658203125,28.149694442749023,-1.340593338012695,0.0011997417313978,-0.003319805022329,0.2910161204896476,0.3378690778700037,286.8708839861089,325.9736070243406,216.946739761937,186.33853590807303,3.016199001708889e-05,288.09839081341653,94528.10418160324,9339.240391567811,0.0001085841181256
2004-08,0.0052393758669495,1.3910874128341677,28.090652465820312,-0.5801493525505066,0.0069591500796377,0.0017555458471179,-0.3549091454393026,-0.0864997130034648,284.64327446844504,310.8933148860674,174.3203204528819,150.62342131038537,1.2030433459155296e-05,285.42068507015154,94862.26739202131,9339.304512250492,4.331061000656167e-05
2004-09,0.0189221277832984,0.920928418636322,28.25279235839844,-0.4657078683376312,-0.0117590958252549,-0.004612345714122,-0.1045935418656319,-0.0143166098752783,273.8035332414151,261.3936601772162,97.66529104068536,80.96400781221017,2.1934436243351356e-05,273.8591179777878,94082.94296877456,9339.190431954166,7.896841166373861e-05
2004-10,0.0490469746291637,1.1243447065353394,28.14939308166504,-1.3097484111785889,-0.049250416457653,0.0254114549607038,-1.0648794295558128,-0.0432708043063913,267.1490654687596,247.3190261453359,35.6665439844068,25.97508390633809,1.632147285635673e-05,266.6137264157663,93638.2693215058,9338.982259303368,5.876169748748922e-05
2004-11,0.0677255168557167,1.367843508720398,27.892698287963867,-1.5234308242797852,-0.0355829261243343,0.0181085225194692,-0.9196781719868782,0.1898687859128678,256.4388833123703,213.4841184967445,5.443376768042932,2.8642303010581016,1.3082788991071766e-05,254.63613037761343,93616.049474004,9338.941864994296,4.710374697366458e-05
2004-12,0.0870592966675758,1.6203100681304932,27.73844337463379,-1.5148911476135254,-0.0165945012122392,-0.0110091594979166,-0.8219364653884171,-0.1956559049162168,250.82004952100613,192.25485741136268,0.8194135882041846,0.358113545414051,1.364569978842276e-05,248.44021821663105,94130.99021964238,9338.941474239777,4.913544226731814e-05
2005-01,0.1313870251178741,1.9793347120285036,27.80531311035156,-1.5183783769607544,0.0025846478529274,-0.017928946763277,0.3720355892543022,-0.0153283821123464,250.61087105202697,188.6348980758057,4.939591925802444,2.4629755895112995,1.326781709942299e-05,247.9512111175135,94760.03003146552,9338.941475667732,4.77705395930946e-05
2005-02,0.1787540763616562,2.354947566986084,27.849239349365234,-1.5210963487625122,-0.0072903488762676,-0.0076215304434299,-0.6434468398119967,-0.0839308714110197,251.95840039870816,197.39828437650291,28.527141360683025,13.642069042365137,9.577488253729414e-06,250.0846360634712,94196.640606976,9338.941484492449,3.448800363257196e-05
2005-03,0.2027201056480407,2.521977186203003,28.266048431396484,-1.544688105583191,-0.0167898051440715,0.0020335472654551,-1.3637113950758584,-0.5948692986651125,259.3964954827459,210.37407734131008,96.38519702284326,44.88038321728142,9.030081936481885e-06,258.4919557936583,94248.73778041816,9338.941489339686,3.251695857169837e-05
2005-04,0.2370225340127945,2.6319580078125,28.504772186279297,-1.5584677457809448,-0.00554911326617,-0.0007871617563068,-0.7891835887911257,-0.4104535480858718,266.38251286960445,226.69384176890205,191.11033408755708,95.51458868732811,6.423607234939295e-06,265.6898606913749,94515.25733566664,9338.94148568439,2.313124968393947e-05
2005-05,0.2232328057289123,2.7008798122406006,28.58526611328125,-1.5631815195083618,-0.0149056315422058,0.0081708896905183,-1.0808454726402057,-0.3075915243799243,278.7413153845736,282.44903358247143,219.88534735177032,156.46940516063074,1.72180562249175e-05,278.2927151646509,94445.1119329269,9338.942062959031,6.199041986316062e-05
2005-06,0.024960720911622,2.55259108543396,28.428312301635746,-1.4853934049606323,-0.0265342202037572,-0.0005836398340761,-0.9442091309025284,-0.6185416394071079,283.9973838837881,299.4124840884397,261.56880787856903,216.63830277726137,2.087719657549976e-05,284.85930073135546,94576.66225573244,9338.96831259963,7.516187784617655e-05
2005-07,0.0008653434924781,2.230860710144043,28.1263427734375,-1.3586794137954712,-0.0196698382496833,-0.0027368476148694,-0.1652138377566982,-0.3883787845384895,284.24292457716666,309.4997158814403,215.8189313237316,183.81133830723877,2.628243606357592e-05,285.1798525089754,94306.30429970803,9339.1371916587,9.461899899001617e-05
2005-08,0.0065899929031729,1.966552495956421,27.759540557861328,-1.045371174812317,-0.0073247537948191,-0.0019473435822874,0.0878131225052568,0.0778345216718984,283.3720684677102,309.7423011181822,160.76716690717987,138.62766679070347,1.903681225541254e-05,284.09499176753155,94532.55577528052,9339.254003551656,6.85349414747976e-05
2005-09,0.021411545574665,1.3875017166137695,27.917430877685547,-1.098620891571045,-0.0293287150561809,0.0225203391164541,-1.0042520137187805,0.2055435505406498,277.158205474341,296.1553467740184,73.37293839946084,61.572679375171575,3.110997020644112e-05,276.9927994142934,94018.0177377626,9339.154893209396,0.0001120016903614
2005-10,0.0350873656570911,1.3698521852493286,27.949033737182617,-1.447716474533081,-0.0323056690394878,0.0123516647145152,-1.229810874750672,-0.4517504665670108,267.35263129132665,241.33625004794573,38.47999857915547,28.89762546508288,1.2226502797599851e-05,266.60466005798406,93568.90599095316,9338.979882641905,4.402033786990588e-05
2005-11,0.0829968377947807,1.7086608409881592,27.784608840942383,-1.5175246000289917,-0.0234556421637535,-0.0180248748511075,-0.1733947280188117,-0.7672035939834834,252.2061026973207,196.37797693595647,6.245917432007131,3.792894922301437,1.6562376661911136e-05,250.45773741810848,94065.0131830469,9338.941655731547,5.963077070610015e-05
2005-12,0.1704054921865463,2.095692873001098,27.6654109954834,-1.5107882022857666,-0.0237477142363786,0.0118158375844359,-0.8769544984336644,-0.2132517711008458,256.02692327035743,216.3659684160708,0.8134195039158878,0.3715996904997606,1.0892295550752988e-05,253.90289931674928,93540.54366469354,9338.941479408457,3.921987452672495e-05
2006-01,0.2094735652208328,2.2847225666046143,27.5687255859375,-1.5052518844604492,0.0017072696937248,-0.0195355992764234,0.0507355822314156,-0.2452769499510444,246.20480854043032,170.84947050234035,5.119883295619507,2.726051655260693,3.2151894852024028e-06,243.22722003979,93535.83281701215,9338.941487958688,1.1588559583865264e-05
2006-02,0.2282715290784835,2.444466114044189,27.89306259155273,-1.5233875513076782,-0.0044966032728552,0.0146003169938921,0.0612413133295568,0.9548280867254008,256.5202681691394,202.04462855052088,29.077784196317012,14.272596858782268,1.0796475285845722e-05,254.30823597889872,94170.06549463067,9338.941484656923,3.887424410518976e-05
2006-03,0.2609211206436157,2.412017583847046,28.25343513488769,-1.544107437133789,-0.0109210228547453,0.0083747208118438,-0.7393942191021036,-0.5683093491761386,252.71893411357863,182.83845398982345,103.74966282598488,51.08590724783587,4.621162711519508e-06,251.82167331661373,94681.5753217078,9338.941486889908,1.6645675926937157e-05
2006-04,0.2494194209575653,2.5233471393585205,28.42117500305176,-1.5537458658218384,-0.0175351109355688,-0.0018045424949377,-0.4710015638975117,-0.4905409117161813,263.961274718031,222.6060711195121,180.1821909873389,85.26529613830361,1.0864711126415256e-05,263.63246884364463,93809.74475559709,9338.94148399027,3.9119189040422967e-05
2006-05,0.2505684196949005,2.646403312683105,28.49930000305176,-1.558396339416504,-3.826515603577718e-05,0.0029308923985809,-0.4597032583750626,-0.3098446668385363,276.6658240400758,268.9392155671924,232.08090387859264,150.39438613743255,1.1756742713999728e-05,275.9100308451412,94529.38557519898,9338.941905217387,4.233058640174674e-05
2006-06,0.0276594310998916,2.503791093826294,28.36016845703125,-1.5506634712219238,0.0114836003631353,-0.0017929639434441,0.3953394064310584,0.3816005638424002,283.5230205266483,306.9368315088308,229.4494897194819,185.31633605309085,2.8661508249405943e-05,283.8412775817424,94441.29247536205,9338.947439746067,0.0001031848670279
2006-07,0.0017330212285742,2.308768510818481,27.99793243408203,-1.5296754837036133,-0.0009354662033729,0.0075373626314103,0.3414462551276389,0.4860078187647938,285.1146012629658,319.0326332967471,201.3041918063197,170.04695737998128,2.898199743823199e-05,285.45524119034405,94415.13687325508,9339.053587122444,0.0001043396801201
2006-08,0.0067619495093822,1.8448787927627563,27.652238845825195,-1.2430256605148315,-0.0094409454613924,0.0052844905294477,-0.1515417887336018,0.031645974368977,281.9767829206993,312.2004501680578,134.45128594034426,114.73672315372674,3.5848513895020965e-05,282.1857655006764,94281.57228241002,9339.233082535622,0.0001290575871062
2006-09,0.0324193462729454,1.4664329290390017,27.6907958984375,-0.8593195080757141,-0.0066973641514778,0.0184324588626623,-0.4373331606901203,0.2815845101523176,278.9919300853749,292.23974869207115,92.55345995107248,79.61527544916079,1.592794286511012e-05,278.51542987379383,94170.19977212803,9339.182469181284,5.734542452316556e-05
2006-10,0.0500606596469879,1.2996124029159546,27.93004608154297,-1.299607515335083,-0.0411945208907127,0.0297875888645648,-0.7490406032446706,0.4343080697001313,269.59994154885067,253.37860043850276,35.532119644387784,27.858568673939235,2.058170226754808e-05,268.9478499371154,94082.04929159796,9339.003346776855,7.409675445681183e-05
2006-11,0.1059236600995063,1.7130072116851809,27.78253555297852,-1.5172696113586426,-0.0184533055871725,-0.0018153470009565,-0.4154098686498393,-0.5806805068633385,251.1555560644757,178.27232994428402,7.104344756800338,4.82885164785132,5.069367894593526e-06,249.0261042862491,94813.45239756229,9338.941937780348,1.8257082585095905e-05
2006-12,0.1392902731895446,2.135056495666504,27.721576690673828,-1.513875126838684,-0.0211120396852493,0.0090286629274487,-0.6561774536270191,-0.0144943340586522,254.5039499405657,206.94954686163837,0.8313326256369814,0.3850835107568346,9.87788201030528e-06,252.16908579860265,92815.34669465032,9338.941484285231,3.557477258148779e-05
2007-01,0.1460721045732498,2.542362928390503,27.52944564819336,-1.5030605792999268,-0.0192327331751585,0.0013367721112444,-0.6297348584739979,-0.0856059225478836,251.52422288261675,201.27345756541845,4.022001506613141,1.9103430538013324,1.0584317996959084e-05,249.48515340827117,93846.76511220564,9338.941479942849,3.811764471832897e-05
2007-02,0.1871887594461441,2.584492921829224,27.74995994567871,-1.5154272317886353,-0.0184326451271772,0.0067734713666141,-0.6674873353339945,-0.2086268666258437,248.78744541885183,166.10835479408118,34.33646769711026,18.13526340680552,1.577261766880096e-06,246.21411309792663,94752.242755812,9338.94147755732,5.681666211389205e-06
2007-03,0.1996545046567917,2.828705072402954,28.07396125793457,-1.5339003801345823,-0.0018826478626579,-0.0084745334461331,-0.1966572001075705,-0.6672341569390262,248.9789200032586,166.95810902005456,105.42039508408747,54.70639854928452,4.600806375984657e-06,248.20841145544583,94476.00697824876,9338.941494258332,1.6571564099640674e-05
2007-04,0.2382905185222625,2.8957290649414062,28.3205680847168,-1.5478821992874146,-0.0176980998367071,0.010086553171277,-1.269279088535479,-0.1538273527922765,268.699271148226,234.04274938683295,182.72012025059013,103.02440869754804,6.17007346262877e-06,267.9944725820693,93962.52037651389,9338.941488654931,2.221740098435915e-05
2007-05,0.2610337138175964,2.627638578414917,28.31133079528809,-1.5476412773132324,-0.0103380074724555,6.511637184303254e-05,-0.5114362957602696,-0.1984070437250148,275.8287559065997,263.36098841774515,239.66647569021475,162.58125752448424,1.173123416087016e-05,275.77917068655546,94458.04544414175,9338.94154575461,4.223688600369186e-05
2007-06,0.0331471972167491,2.527378797531128,28.154808044433597,-1.5310038328170776,-0.0217301622033119,0.0071590477600693,-0.9648237452073284,-0.2879724915213535,284.8115335081078,301.94954289547474,264.1773118443231,221.03313484292644,1.862086926806212e-05,285.6143026674396,94505.6370597179,9338.998716010525,6.703834563180203e-05
2007-07,0.0003127550589852,2.0855391025543213,27.817243576049805,-0.980402171611786,-0.0267063807696104,0.0085050538182258,-0.4367656479250693,-0.2855965141986307,286.7509587333441,322.57614266237783,222.00812515122288,190.8713397468865,2.6399478105305183e-05,287.73181419360736,94400.5855267272,9339.31254110956,9.504200840189092e-05
2007-08,0.0009414760861545,1.7884008884429932,27.514310836791992,-0.2712001800537109,-0.0227359514683485,0.0176081769168376,-0.5813716884031315,-0.1761989232447784,283.9482118533952,309.20880752400865,159.91754234366476,138.0759091730404,2.064024713759954e-05,284.20284293218407,94684.67614675262,9339.296878167985,7.430762784107631e-05
2007-09,0.0024848468601703,1.2068181037902832,27.71675109863281,-0.229747861623764,-0.0460495389997959,0.0545272380113601,-1.3202303724390925,0.1862402120280055,277.24060699583,277.5478438852719,96.10137335172146,82.07469414535473,2.018662579101752e-05,277.08660945780804,94174.70261174608,9339.232036134412,7.267512558136111e-05
2007-10,0.0185812711715698,1.1669687032699585,28.018632888793945,-1.266379714012146,-0.0767086893320083,0.02933263592422,-1.3299367751305389,-0.4719503435116889,265.37566512211333,234.96360681822185,39.91232476081732,30.73344609801773,1.085258010528334e-05,265.0903494795594,93536.90181749748,9338.980863368137,3.907472749813681e-05
2007-11,0.039536852389574,1.3097001314163208,28.168140411376957,-1.534213304519653,-0.0669343769550323,0.0343803875148296,-1.6763092793211245,0.0945703138171325,259.5510585596284,222.40683177346685,5.61635624984204,3.3311299507872514,9.872952419313453e-06,257.9790014547908,93790.22947507718,9338.946163366223,3.554968147867762e-05
2007-12,0.0485960878431797,1.3836292028427124,28.015871047973636,-1.5305968523025513,-0.0532963536679744,0.0186691060662269,-0.873334402276999,-0.1077599562437611,252.0627311084876,196.24387629808328,0.8534635255315579,0.4103634798699947,7.296373950329528e-06,250.03174926280684,94003.30421741496,9338.94193976993,2.6275031808209283e-05
2008-01,0.0747784525156021,1.9362629652023315,27.840261459350582,-1.5207412242889404,-0.0260373763740062,-0.0035502172540873,-0.2849525632736802,-0.121884943436172,248.84405608802243,184.6539384150588,4.431050182697867,2.170762248666835,8.277011609647443e-06,246.63518829883404,93920.07676607685,9338.94148926128,2.980101477741259e-05
2008-02,0.1081178858876228,2.240251302719116,27.87765312194824,-1.5227280855178833,-0.0238736364990472,0.0024530405644327,-0.4872230627176403,-0.2408774434172453,249.68156596699012,181.38995092874876,30.754092301037044,15.61712620628468,6.257264254554445e-06,247.66289797983904,94014.1206057759,9338.941492065347,2.2533505021076417e-05
2008-03,0.140082448720932,2.549485683441162,28.061750411987305,-1.5332520008087158,-0.0258192960172891,-0.0016563951503485,-1.3827268263977983,-0.6974003791162027,255.19617691742965,196.39944962773976,98.89868489147436,47.54504655426564,8.878418353411008e-06,254.2085037449627,94333.10164788076,9338.94147985374,3.197049308065736e-05
2008-04,0.1450770199298858,2.6198225021362305,28.259998321533203,-1.544389247894287,-0.0260249227285385,0.019017519429326,-0.2046901164197381,0.1800098957307752,266.6819119056561,239.70931004884517,168.20691740486475,82.25686698209496,1.2794695028048118e-05,266.3334889080884,94374.80486338845,9338.941477912167,4.606845675794237e-05
2008-05,0.1259253025054931,2.49618935585022,28.30731010437012,-1.5471946001052856,-0.0247826483100652,0.0021202731877565,-0.919179283369501,-0.3275244685965586,276.34601678504475,270.25782701649854,230.4397721701864,155.52348434747535,1.333223258194187e-05,276.0810046599098,94560.11190018,9338.942409014327,4.799806596332361e-05
2008-06,0.0079176407307386,2.244680404663086,28.175106048583984,-1.3674190044403076,-0.0071209212765097,0.0158796440809965,-0.2837128266226366,0.0666546901402352,283.9702464003812,301.51563737951426,246.6783897017613,206.5479072317691,2.4310291380072183e-05,284.4731562920668,94314.96316507344,9339.049564341532,8.751973636019882e-05
2008-07,0.0006641572108492,1.4990442991256714,27.9858512878418,0.3757658898830414,-0.0252539794892072,0.0222600195556879,-0.0600666508132,0.1307112110417958,284.56408838248313,317.4934895633218,192.66938371630684,165.28439495241966,3.808809911481367e-05,285.06587734313683,94103.10132111922,9339.37568783467,0.0001371186621916
2008-08,0.002599413273856,1.009849190711975,27.744903564453125,0.8680898547172546,-0.0171070601791143,-0.0070555782876908,-0.4581220067352076,-0.6771559051611692,280.5513221362013,302.73980702631144,135.70469507908174,116.16733795237366,2.2427267537764506e-05,280.7438126804614,94281.49248129364,9339.362389959571,8.07426835149998e-05
2008-09,0.005891855340451,0.6831343173980713,27.627235412597656,0.2120698392391204,-0.0320445597171783,0.0083308108150959,-0.8608665822696674,-0.3369795491778017,276.06597535794015,277.0745800162096,91.17571395952751,77.13505684291023,2.015804961788412e-05,275.8996262925572,94390.76800447571,9339.223051195724,7.257228258703088e-05
2008-10,0.0339005179703235,0.86095130443573,27.74906539916992,-1.0557292699813845,-0.0228880289942026,-0.0164517425000667,0.087878742462421,-0.0745134712616512,262.8151406695498,224.6173048090249,38.29984687318997,25.292113167374364,1.8870287664980877e-05,261.7422127979567,93790.90439550718,9339.000920894356,6.794045837186487e-05
2008-11,0.0751178041100502,1.5121846199035645,27.583763122558597,-1.5054017305374146,-0.0308520067483186,0.00673802010715,-0.7858026998652355,-0.2232328428832919,255.9825301728453,210.61792980646769,5.820849185402479,3.2908097219859727,9.023543476650574e-06,254.03924865071295,93821.87313227436,9338.94152195504,3.2493698496073734e-05
2008-12,0.1152807027101516,1.9790661334991453,27.438739776611328,-1.4975078105926514,-0.013236928731203,-0.0047733359970152,-0.2250994505294977,-0.0724623418334675,250.8032725987215,187.8850646368392,0.8817834973980266,0.4002950455375519,7.272587596478029e-06,248.3063336722032,94876.9985308225,9338.941479943936,2.6191207238879805e-05
2009-01,0.1718088537454605,2.355004072189331,27.34471702575684,-1.4922257661819458,-0.0039446176961064,-0.0127550158649683,-0.1780019903873909,0.0741460600342766,247.9597469903849,180.81787453883976,4.661812665759131,2.301607792707473,1.2147681229829248e-05,245.5294590417309,94425.03108690186,9338.941484327135,4.373302575088127e-05
2009-02,0.2089961767196655,2.597482919692993,27.533998489379883,-1.5027809143066406,-0.0051234578713774,0.0056926705874502,-0.1873764068079023,0.2694899469227706,251.7312308971512,195.6098167649033,28.85738987334565,13.615042648649268,1.0654748002532416e-05,249.8258430556959,94391.65484574568,9338.941492183838,3.836611728911076e-05
2009-03,0.2265328168869018,2.706684827804565,27.928485870361328,-1.5253788232803345,-0.0215172357857227,-0.0022807358764111,-0.9058371867788992,-0.7269256759142642,252.0712116207758,184.80581490021416,98.52047744563032,46.27602171011547,7.987577131345501e-06,251.42417519388533,94498.4570337858,9338.94148573202,2.876228754251596e-05
2009-04,0.2428611516952514,2.8025290966033936,28.06958770751953,-1.533649206161499,-0.004981817677617,0.0066208094358444,-0.4596555225340519,0.0772508973908839,265.96717046875176,226.3804752738782,186.09850989403432,91.51546100465102,7.409619685036123e-06,265.2667169387323,94714.03922582734,9338.941478440076,2.668034323535062e-05
2009-05,0.2153368294239044,2.7902767658233643,28.126998901367188,-1.537174940109253,0.0003880121803376,-0.0057754050940275,0.0377717774258001,-0.4859680162441565,276.5677670140616,260.47376862480627,246.03644880824925,167.53944744368548,1.1852860587450012e-05,275.9953465378075,94720.37105776064,9338.942023020834,4.267463063917245e-05
2009-06,0.0146114286035299,2.62775993347168,27.92997169494629,-1.5028562545776367,-0.0252292063087224,0.0235589519143104,-0.7023516972579243,-0.2671188457475523,283.23156485611,302.46989562739367,237.3081935036172,198.8633376456119,2.3082217598814578e-05,283.8011078667676,94415.15480940291,9339.033672504962,8.309953326809415e-05
2009-07,0.000402660050895,2.246544122695923,27.57475471496582,-1.1563864946365356,-0.0325042866170406,0.0056600286625325,-0.5273612939891371,-0.1392369002628608,286.63767046932514,316.9884197660398,233.0674991743928,200.94242577458888,1.450924755894067e-05,287.6304413874606,94951.32636747965,9339.228237086509,5.223674621981854e-05
2009-08,0.0052100662142038,1.7739460468292236,27.51117706298828,-0.6622903347015381,0.0134465396404266,0.001087543205358,0.1865836849601808,0.120237355744137,281.887945316065,306.8433269268501,143.9254768950435,123.199545674965,3.327347210374412e-05,282.3533313040825,94357.28044748637,9339.315316211738,0.0001197879495109
2009-09,0.0108113093301653,0.9287720322608948,27.75319099426269,-0.8072170615196228,-0.0134866554290056,0.0069991741329431,-0.7518953425507229,-0.2743705548732248,277.1080895966018,285.37935651926006,91.13975209389017,76.38663638540073,1.9826640711830185e-05,276.9295470355857,93970.1628945482,9339.206757338834,7.138032462780932e-05
2009-10,0.0326105318963527,1.138845443725586,27.4936580657959,-1.394637107849121,-0.0420483462512493,0.0253907795995473,-1.102943620088177,-0.4237784237432005,268.5560086423173,250.4879088262492,37.805129407056455,28.409335119091867,9.849789722952195e-06,267.87530284601854,94401.28602076338,9339.006097415508,3.546326537919703e-05
2009-11,0.0702816620469093,1.434066891670227,27.487472534179688,-1.5002832412719729,-0.0259227883070707,0.0015523505862802,-0.6177685127918857,-0.2930869528215324,253.52106413727017,196.79602762451609,6.155047237487723,3.8586094373161774,9.72377748022252e-06,251.44282789009347,92937.36121056556,9338.941819360112,3.501670797471286e-05
2009-12,0.116448201239109,1.5182197093963623,27.466798782348636,-1.499114155769348,-0.0249238722026348,0.0112489005550742,-0.7291726701020284,0.0750393308078111,254.70287371048724,206.74895002749415,0.8781563065959218,0.3977346510303846,9.020205183751447e-06,252.53013039292904,94579.83827786184,9338.941469541604,3.2480174008615724e-05
2010-01,0.1522722244262695,1.6873738765716553,27.45747756958008,-1.4986416101455688,-0.003427640767768,-0.0088153937831521,-0.4510298141544789,-0.4870981903925017,248.5957877968092,181.89148265009663,4.789640158786593,2.457589050189221,5.558553220951465e-06,245.86472807213303,94207.31979592062,9338.941477864397,2.002030272722671e-05
2010-02,0.1838762760162353,1.8937313556671145,27.618091583251957,-1.5076946020126345,-0.0348463170230388,0.0029015752952545,-0.8758886488543378,-0.4238096526358612,254.44346358263488,199.7057561864669,29.56646259354265,14.96119780926106,6.096166652204819e-06,252.28339169990315,94026.55997973692,9338.941489981731,2.1959980908623523e-05
2010-03,0.2167650014162063,1.9396662712097168,27.909608840942383,-1.5244401693344116,-0.0247237030416727,0.0066813346929848,-0.7936703703772608,-0.4108560589245928,257.1649563263035,196.2279157427999,101.29110924626173,49.36825399574212,6.655463949751826e-06,255.79134895370612,93357.57432702657,9338.941479942849,2.3970693351916648e-05
2010-04,0.235530823469162,2.0292837619781494,28.08899307250977,-1.5346732139587402,-0.0178282652050256,0.0020261704921722,-0.7378760621507824,0.2380078951358738,269.6313432546838,236.08835197855564,181.53081878793589,97.81948942425949,8.663914519541809e-06,268.3282884663685,93765.07027609785,9338.94149164997,3.119873454873941e-05
2010-05,0.2247910052537918,2.040013074874878,28.171342849731445,-1.5395026206970217,-0.0245516765862703,0.001845484948717,-1.270826426447382,-0.5128245609310204,277.902667463854,270.51162328865934,239.74466841595012,174.95593148741676,8.596327593316654e-06,277.9101393633844,94741.22715719492,9338.942851162956,3.095672624976497e-05
2010-06,0.0259377248585224,1.84856390953064,28.005693435668945,-1.3616418838500977,-0.038417749106884,0.0070594125427305,-0.6909665685136305,-0.2386317306800768,283.66780172070537,304.0002893411568,239.66579989515165,200.5990531052764,2.7614882657226785e-05,284.6063471097162,94269.72899995482,9339.044634306078,9.941686787542352e-05
2010-07,0.0026321613695472,1.5086790323257446,27.806564331054688,-0.6146755218505859,0.0040505467914044,-0.0130099980160593,0.5435773353408436,0.4014834731343976,285.36480531675414,324.2485098112662,190.7236506495444,163.74806039438846,3.5910216599248696e-05,285.8192735232869,94348.744967556,9339.310131114817,0.0001292803192107
2010-08,0.0043735257349908,0.9767250418663024,27.634336471557617,0.1077795997262001,-0.0202010422945022,0.0148980496451258,-0.1295133555803702,0.004726382882087,284.23989488807723,318.32467879407943,143.51641177627656,124.04060750803016,2.7249096319902588e-05,284.3217077400834,94483.28417539374,9339.513432439448,9.810033783983177e-05
2010-09,0.0050475625321269,0.3730877935886383,27.638813018798828,0.092636190354824,-0.0162162687629461,0.0110267754644155,-0.5510016000149173,-0.4143354493712625,277.1399734635486,276.2504959462694,98.67996783974618,84.32081286277162,1.225757575880813e-05,277.07520398799,94529.29812393054,9339.334123241862,4.413362223813472e-05
2010-10,0.0259509533643722,0.5844040513038635,27.647974014282227,-1.198475956916809,-0.0616285540163517,0.0021869626361876,-1.470181897150206,-0.4396258722087972,267.07097791378044,242.24064608635115,38.461724013919735,27.71204312773857,1.1673264730292722e-05,266.2487750574888,93524.82416354302,9339.039607532892,4.202500640553799e-05
2010-11,0.0756402686238288,0.9318735599517822,27.68560028076172,-1.5049092769622805,-0.0330456234514713,0.0002508000761736,-0.2565684764466509,0.0079078280907711,260.6519801775798,232.0634383201673,5.43936832054267,2.8326521619964877,2.043552632314984e-05,258.99204012869205,94015.73491098487,9338.94255728163,7.357368178048298e-05
2010-12,0.1124490201473236,0.9536144733428956,27.46512985229492,-1.4992121458053589,-0.0286009721457958,-0.0108276223763823,-0.3864959292409099,-0.5152557323695948,246.46959817969312,176.6631614151094,0.952509851687747,0.4379998096864969,7.790049605646295e-06,243.88118973785703,94556.19217874104,9338.941490564112,2.8052657559377457e-05
2011-01,0.1448812931776046,1.1427096128463743,27.43176651000977,-1.497186303138733,-0.0208501126617193,-0.0069160829298198,-0.5906539801347278,-0.083321983829046,251.00826328618197,189.4976810122259,4.751452003921675,2.416451198750921,6.056009783238134e-06,248.16308908532983,94544.9936797149,9338.941483406918,2.180638616841422e-05
2011-02,0.2036219239234924,1.3592272996902466,27.57721519470215,-1.5054471492767334,-0.0072944038547575,-0.0208484884351491,0.8644653029539043,0.289134283594567,252.22740934197813,190.29152823431227,29.34920148252703,13.695109650551268,1.3641143437039634e-05,250.1805211460517,94562.54960417956,9338.941470029004,4.9114729879483205e-05
2011-03,0.2557519078254699,1.6424851417541504,27.851655960083008,-1.5212469100952148,-0.003278607269749,-0.0095474366098642,-0.5273289314409123,-0.1558009823653458,255.49393457234024,181.85847060727707,106.72462173465908,53.03985717033128,2.3960033287344515e-06,253.6953932822021,94336.96183201548,9338.94147965874,8.630646004042889e-06
2011-04,0.2992030382156372,1.903145432472229,28.07533073425293,-1.533939003944397,-0.0116081424057483,-0.0200882107019424,-0.530805303147935,-0.5563483255139232,264.2937741888029,217.35469913843187,187.1100677031904,90.71497847889152,8.087894125734172e-06,263.5908726766746,94182.6719300222,9338.941506722413,2.9122276725847376e-05
2011-05,0.2783514261245727,2.113651990890503,28.15084457397461,-1.533589482307434,-0.0150423748418688,0.0028781073633581,-0.7866649139800759,-0.1862891519745863,277.16218330087924,265.85172384511674,250.1716956073016,166.97890345478726,9.311299430236571e-06,276.475851193626,94548.12790843355,9338.949627694328,3.352496569988924e-05
2011-06,0.0503061898052692,2.131349563598633,27.979660034179688,-1.49542498588562,-0.0336247384548187,-0.0024805541615933,-0.8332035922625477,-0.3327130532842013,283.0278772755588,302.9566726089667,234.37064193436112,194.5314361912341,2.696300609917572e-05,283.64120370900935,94369.4132149974,9338.992659870582,9.707108120196293e-05
2011-07,0.0014055690262466,1.7204569578170776,27.708314895629883,-0.669992208480835,-0.0316317118704319,0.0097977723926305,-0.1068515816007174,0.0529386784554602,285.12846255578694,320.7397983310919,196.60463908126425,168.77094196575982,3.202866686562137e-05,285.5902890978376,94163.27643160024,9339.236759592455,0.0001153057441247
2011-08,0.0040756505914032,1.2714029550552368,27.36845588684082,0.2085608541965484,-0.0325660668313503,0.0104658929631114,-0.6071533635326428,0.0221936139924772,282.4514054417793,307.6735848815575,145.2669727170462,125.3629772779674,2.59121048313697e-05,282.5689135867072,94098.3019458156,9339.477055752355,9.328685945045852e-05
2011-09,0.0066373934969305,0.6967010498046875,27.428800582885746,0.1017776578664779,-0.0355038680136203,0.0053255530074238,-1.049342916541456,-0.2105875709352123,277.7673529331007,288.45813908658755,87.00545944199988,73.98951499428469,1.9200728985040968e-05,277.3846352257309,93571.7309131299,9339.309090637287,6.912607797123063e-05
2011-10,0.0193345621228218,0.7438700795173645,27.65994453430176,-1.1233898401260376,-0.053401906043291,0.0142278252169489,-0.9137640509738384,-0.1165059150014651,268.2630542333181,248.71043433301324,37.688513946288325,28.886882379716088,1.2629063740694952e-05,267.6148159423733,93545.13844614178,9339.034770862814,4.547105870776732e-05
2011-11,0.0519547238945961,0.638789713382721,27.62019920349121,-1.5079880952835083,-0.0232032164931297,-0.017702117562294,-0.1734395167294768,-0.4314836357437118,250.7175850679324,188.7144568488059,6.407851551620476,3.212530770610173,1.0257030653550616e-05,248.6095116768159,93713.44921587688,9338.9419430816,3.693428796103295e-05
2011-12,0.0954158455133438,0.9811640977859496,27.455551147460938,-1.4987454414367676,-0.0290966182947158,-0.0124054038897156,-0.4775671768586917,0.1270307572319267,254.560236975424,208.7022430867648,0.7786023200828999,0.3355389090316727,1.9255170101951345e-05,252.5543921881469,93451.56660944458,9338.941469789448,6.932509712275315e-05
2012-01,0.1424321085214615,1.1851085424423218,27.488903045654297,-1.5004836320877075,-0.0142445052042603,-0.0195272099226713,0.4461760648139097,-0.3416941196589081,243.45740365574068,168.1073120258769,4.975547821535794,2.463114475931922,9.834874210606962e-06,241.04503089819175,93914.68605352384,9338.94147822665,3.541574709257569e-05
2012-02,0.1875644326210022,1.4752585887908936,27.61990165710449,-1.5080338716506958,-0.021713862195611,-0.0013989242725074,-0.8741202232362161,-0.0713315667472812,255.6420399791342,206.80401766346088,28.216847764651224,13.378326390816635,1.0076128428916834e-05,253.61735137358903,93718.96884757804,9338.941489451292,3.628055290307465e-05
2012-03,0.2277804613113403,1.6755621433258057,27.925233840942383,-1.5254552364349363,-0.014984075911343,-0.0144923673942685,-0.6888054132844589,-0.8858258888955076,251.67299808940035,182.433919899744,102.26193880521492,49.41367701110999,5.150119002136939e-06,250.91300478884057,93745.27144368294,9338.941492110942,1.854756954356817e-05
2012-04,0.2495512664318084,1.7965927124023438,28.11537742614746,-1.5363175868988037,-0.0242400802671909,0.0082237292081117,-1.0789057626447656,-0.5414000331930656,268.2055372735374,233.6030245814966,185.49887992068707,99.42869873937818,4.893962842581536e-06,267.624723258358,94470.12196216258,9338.9415568749,1.7626205501839233e-05
2012-05,0.2152151465415954,1.8505609035491943,28.184059143066406,-1.5400662422180176,-0.0154067566618323,0.0036853114143013,-0.7868771491014732,-0.1605976380925896,275.69934960489724,264.15043806765124,236.93787357364548,155.0295292511341,1.5064147012810432e-05,275.2219162732784,94173.4497817623,9338.942596644412,5.423358869784778e-05
2012-06,0.0080425748601555,1.5114448070526123,28.01090240478516,-1.1975106000900269,-0.0143361585214734,0.0069641415029764,-0.6555106736985614,-0.3931583958462959,284.9774766188358,309.74222388923124,245.09249231703453,205.7274918790128,2.2188332950449487e-05,285.4713363102137,94253.94247323526,9339.081572380766,7.988241894776726e-05
2012-07,0.0009342436678707,0.9239655137062072,27.67960548400879,0.5629607439041138,-0.0038615241646766,0.0105437776073813,0.0928372397615528,0.4205350472167469,285.7573409443069,322.8751865991665,194.9998493484825,167.43691152217903,3.262025705478037e-05,286.1690657276888,94413.77677311692,9339.414884408096,0.0001174359195882
2012-08,0.0015272641321644,0.2161612510681152,27.654327392578125,1.6093920469284058,0.0159929189831018,-0.0001063937161234,0.6911920519825826,0.841965866441423,283.48543754584193,313.0278386319176,141.65154142929504,121.87562914799202,2.709551407109796e-05,283.63522792259914,94360.3320159123,9339.569376895544,9.75450427603174e-05
2012-09,0.0013628558954223,0.0371327325701713,27.79877471923828,1.2258946895599363,-0.0184290371835231,-0.0017814028542488,-0.2050557079586161,0.5317313281743827,277.5635347272669,285.8320238145779,86.67549670076689,72.00103508791608,3.198781676194666e-05,277.0402464654584,93794.07630485368,9339.38548998484,0.0001151606728414
2012-10,0.0095219817012548,0.0679054707288742,27.9200382232666,-0.1179827004671096,0.0075723198242485,-0.0074319415725767,0.1637392955132902,-0.2049956229757097,266.6115562548922,237.0382715311641,38.5118476076002,28.974607495470966,1.5581474779570665e-05,265.94709975258405,94911.70024339082,9339.155639515637,5.609681511515799e-05
2012-11,0.0662838518619537,0.5429153442382812,28.037988662719727,-1.4870851039886477,0.0016374376136809,-0.0356499962508678,-0.0002094841845391,-0.8225704636116896,252.0788523706913,183.33557051406112,6.540157004308473,3.71385297386298,5.900318327024264e-06,249.6070351068036,94799.1112205401,9338.953461653053,2.1248732427478463e-05
2012-12,0.1376378089189529,1.1119986772537231,27.70032501220703,-1.5128129720687866,-0.0172344092279672,0.0003423581074457,-0.5819944923854291,-0.3169567607538071,246.57397789685783,174.71222722010495,0.9608919197696236,0.4636350322283538,6.906445031118916e-06,243.72287869243772,94004.24577379395,9338.941473530176,2.4869540241675545e-05
2013-01,0.1837912499904632,1.2976088523864746,27.6220645904541,-1.5080188512802124,-0.0533867143094539,-0.0099586267024278,-0.8368530398085676,-0.4875635509945553,250.99993228725984,195.2336843316649,4.469080584787206,2.1393372012600627,1.4439701098320689e-05,248.8608177133684,94420.37838141112,9338.941482605456,5.1993939464515725e-05
2013-02,0.2190321981906891,1.390733003616333,27.728614807128903,-1.5139511823654177,-0.0324266478419303,0.0064179375767707,-1.2507175339066412,-0.6085641116556663,251.57260749708524,196.5327360248177,29.354882962352587,13.700467367950726,9.420900393415022e-06,249.9788807232215,93798.544458699,9338.941499448058,3.392185275736533e-05
2013-03,0.2050117254257202,1.5513980388641355,28.17363548278809,-1.5390002727508545,-0.0449051558971405,0.0140523863956332,-0.6707257052014907,-0.2017128994952519,254.8786497499678,188.3456696368957,102.66529882390104,50.33155940387852,6.669366948231501e-06,253.88802027562596,94776.17554525634,9338.941484952746,2.4018385448728344e-05
2013-04,0.2184902727603912,1.9371130466461184,28.347352981567383,-1.5491816997528076,-0.0179169736802577,-0.0206656903028488,0.3542884060709209,-0.8340817919585785,260.8176790603864,202.5487229387962,191.90865809732225,88.37775765860835,9.787908880614998e-06,260.2437131359043,95037.34490691638,9338.941489508414,3.5245023523911726e-05
2013-05,0.2440123111009597,2.058245182037353,28.35405540466309,-1.5499874353408811,-0.0022965993266552,3.348570317029953e-05,0.0198349976411794,0.0685703837116011,273.42401214901395,250.37208011017884,258.42868901489067,143.39245746616567,1.201196984169254e-05,272.115501973117,94636.35639386142,9338.94157459073,4.3249746775491954e-05
2013-06,0.0379589796066284,1.8651022911071775,28.17066192626953,-1.5396387577056885,0.0084077157080173,-0.0129559952765703,-0.0298862704352148,-0.156988766756102,285.5608849714177,308.9696679733745,257.39319525397025,209.00931092683385,1.8529969439397195e-05,285.6082063353276,94795.60163498388,9338.97938770004,6.671065412736058e-05
2013-07,0.0022655753418803,1.6094037294387815,27.83146858215332,-1.516118407249451,0.0006104236817918,-0.0095229716971516,0.5259167692482006,0.036570387660829,286.09992207480644,324.51158355812,195.8310085517612,168.01460963329995,3.111134566885102e-05,286.4126820199468,94844.4294676668,9339.306587029823,0.0001120026841857
2013-08,0.0068535921163856,1.0342774391174316,27.682537078857425,-0.786561906337738,-0.0154372313991189,-0.0072684749029576,-0.282424812434064,0.1048707931382058,284.1175834610136,314.0528962170998,152.67921734848656,131.27929455239672,2.4809109435496946e-05,284.3208535657752,94302.83527237276,9339.436010087438,8.931498258330837e-05
2013-09,0.0226626303046941,0.9605965614318848,27.51307678222656,-0.9103944301605223,-0.0462320707738399,0.0121638029813766,-0.5678751748012246,-0.2786454930123538,276.14863924754604,286.6459226351747,80.86592050748057,66.22790858192913,3.013880739520098e-05,275.7950937270804,93764.58388375527,9339.179823436878,0.0001085041830077
2013-10,0.0672659203410148,0.991731822490692,27.4079532623291,-1.3941572904586792,-0.0317591428756713,0.0094716604799032,-0.4384501226553358,0.5991444100982691,271.67357034179093,266.7468636876721,33.619363926642805,24.23854828462224,2.2737580825576853e-05,270.5864804710842,93968.68295233091,9339.00099042449,8.186022320010554e-05
2013-11,0.120145782828331,1.1307179927825928,27.53768348693848,-1.5032434463500977,-0.0074997004121541,-0.0145045891404151,0.4658050028028197,0.358471528128095,257.1495590675671,208.53103308058385,5.548281908206816,3.292557506346121,1.6922900850319215e-05,255.1838623905971,94363.82339531336,9338.94234913567,6.09285954444392e-05
2013-12,0.1767327785491943,1.459405541419983,27.56880187988281,-1.505200743675232,-0.0173417758196592,-0.0206967424601316,-0.2144188649161037,-0.1274874746559981,250.8291359143657,191.7530151329624,0.8723399955464542,0.4066880954861243,1.0629492381620666e-05,248.3623076088807,94945.07700430218,9338.941459633055,3.826988966455994e-05
2014-01,0.1914056688547134,1.6267729997634888,27.501384735107425,-1.5012757778167725,-0.0343436263501644,0.0013252524659037,-0.9936088449537224,-0.017243807945023,256.0157317932724,215.8075103606119,4.1717321709080535,2.0256976352009124,1.5502571036706027e-05,253.8267259326753,93946.32089814763,9338.94150927652,5.58139663777852e-05
2014-02,0.2271656095981598,1.7735960483551023,27.664928436279297,-1.5105851888656616,-0.0176945831626653,-0.0103226024657487,-0.6116988801282618,-0.5569665537584242,251.0343606501773,181.8112480558647,33.48353653307566,16.4675008614802,5.6898089180394265e-06,248.544464683652,94870.2098445774,9338.941501349493,2.0488742729498768e-05
2014-03,0.244345486164093,1.970955729484558,27.98796844482422,-1.5289874076843262,-0.0127838933840394,-0.0099502634257078,-0.7023869468543487,-0.3025368516879251,258.10117015757066,189.2668978104201,109.62267328283802,56.439584115076,3.4097114858868124e-06,256.5502056871539,94433.17998630412,9338.941491627043,1.228049803874792e-05
2014-04,0.2551153004169464,2.0298242568969727,28.23734664916992,-1.543183207511902,-0.010361511260271,0.0017005363479256,-0.9576559546016792,-0.2405145454082773,266.93295566925974,225.9969219177577,186.24585471769015,100.56683372379506,5.622478298201271e-06,266.16189565623364,94107.67873015696,9338.942058977958,2.0245905920655712e-05
2014-05,0.2421021908521652,2.013031482696533,28.338502883911133,-1.5491313934326172,0.001527635846287,-0.0126466462388634,0.2728889602036908,-0.1351425887397812,277.74334841922393,274.74138377668896,221.56237339565072,154.22319283541168,1.4973544435017143e-05,277.0290182483063,94890.86491366709,9338.945921455825,5.390881122631704e-05
2014-06,0.0865132063627243,1.9429901838302608,28.19186019897461,-1.531701922416687,-0.0249353442341089,0.010110548697412,-0.460635408608429,0.0767240628998688,282.7840110145268,303.73050264495413,227.69250470907505,187.0532150338533,3.432397550749999e-05,283.0149742950779,94261.2162570273,9339.07264447722,0.0001235706734102
2014-07,0.0026556882075965,1.5532457828521729,27.84669685363769,-0.8702148199081421,-0.0164676401764154,-0.0018186795059591,0.3262359171361292,0.1231874961944917,284.99104084799615,321.5039197693315,187.4818743637394,160.84181594810525,3.554257019968149e-05,285.27332253550844,94524.57352775034,9339.407647123322,0.0001279556371386
2014-08,0.0025417455472052,1.4351428747177124,27.6291561126709,-0.3467121422290802,-0.0250490326434373,0.0069781714119017,-0.5943182357400077,0.0662260302036609,283.2073813550961,314.2812898107088,140.56964728136262,121.25927281267262,2.7751373770485542e-05,283.3211911641629,94332.87194450444,9339.424904758594,9.990758151114484e-05
2014-09,0.0116250524297356,1.2164078950881958,27.61019515991211,-0.5181140899658203,-0.0299132093787193,0.0103402314707636,-0.1304741523991169,0.1876033230012158,276.6235001504516,276.32148545974445,96.7401475084059,79.76919064995803,2.266192104085148e-05,276.0836476271091,94200.64738120422,9339.243838746474,8.15833639001804e-05
2014-10,0.0510381273925304,1.291640043258667,27.62140274047852,-1.2895243167877195,-0.0583419278264045,0.0044017531909048,-0.6504387628257741,-0.8216025768225974,266.6925309079258,245.81944927926511,36.09887118885276,23.01018986470623,1.6910894591281233e-05,265.6205701641352,93846.78890720248,9338.99575856979,6.088800968396533e-05
2014-11,0.0918382853269577,1.130768656730652,27.704486846923828,-1.5125311613082886,-0.0393903702497482,-0.00362209812738,-1.2235825710382515,-0.0170535863378239,258.2737214020686,209.39166327569131,6.537491088566653,3.9284856378932673,4.701354404737131e-06,255.8253950217532,94491.66142079952,9338.942308531285,1.692901723713843e-05
2014-12,0.1158317774534225,1.3563110828399658,27.53595924377441,-1.503388285636902,-0.0390905067324638,-0.0045108809135854,-1.1217833818327905,-0.3225085898046412,255.4421609857721,212.58637119170115,0.7575795710505728,0.3410657102186757,1.2135407082118712e-05,253.12414636260812,93861.6761845132,9338.941481030446,4.369211959796644e-05
2015-01,0.1306291222572326,1.536787748336792,27.572206497192383,-1.5054091215133667,-0.0230687670409679,-0.0145420273765921,-0.4533642908224045,-0.1914868406528522,251.75563999487537,192.78050875164303,4.875850765913714,2.433391510106949,7.8222184552512e-06,249.173558830279,94642.8999285784,9338.941491016463,2.8167644543456368e-05
2015-02,0.1889360249042511,1.7892237901687622,27.76654815673828,-1.516417145729065,-0.0083083175122737,-0.0127041479572653,-0.2252266280058042,0.1399690956719224,254.2576584494955,200.7467380792816,28.093635983907728,13.84459112100554,8.088513323524594e-06,251.99563461580317,94939.10370097848,9338.941511382718,2.9123832600605877e-05
2015-03,0.2438644766807556,2.0842175483703613,28.11489486694336,-1.5361614227294922,-0.0184121523052454,-0.0037001452874392,-0.2958402630646556,-0.0809031450131736,258.55489266928134,203.99295135745183,99.06965898205787,46.73705013563946,7.82956001821376e-06,257.3451964412005,94279.29277557076,9338.941503084943,2.8192592051755915e-05
2015-04,0.2381453514099121,2.200186252593994,28.33949089050293,-1.5489685535430908,-0.0317443385720253,0.0074995402246713,-1.3900813550462412,-0.1787060221793606,268.7470364323619,236.289962006891,176.48407718154309,90.50739341143324,9.945670279914036e-06,267.8712874605748,93808.42120005583,9338.941635039902,3.581381463783048e-05
2015-05,0.1753158569335937,2.154181480407715,28.406606674194336,-1.5509564876556396,-0.0195572450757026,-0.0080184824764728,-0.6338300148796211,0.0400022231941126,280.4876558614678,278.6461027162982,242.7548419612256,175.644718570077,9.677260763120827e-06,279.7637959618624,94888.9776620438,9338.958292701434,3.484296278044511e-05
2015-06,0.012661749497056,2.0682051181793213,28.27470588684082,-1.5147218704223633,-0.0022550534922629,-0.0169313792139291,0.3081281531181733,0.0026936561724599,284.075605288977,303.0946048482488,252.47667460242508,211.2492884712389,2.2324196329825923e-05,284.9002088157435,94533.66920969509,9339.041999000994,8.037192306305237e-05
2015-07,0.0012613235739991,1.64828622341156,27.925161361694336,-1.2449663877487185,-0.0288935266435146,0.0026070508174598,-0.0903971153119031,-0.257992611494316,285.0819425632557,319.6892313935088,201.98464406381711,173.02290613960125,2.955498615685153e-05,286.04174659167256,94412.81967969696,9339.27446413054,0.0001064022277772
2015-08,0.0035926213022321,0.8596357107162476,27.77824211120605,-0.8052112460136414,-0.0188920758664608,-0.0027760565280914,0.5559351904147719,0.0112908477249035,281.7395849431846,312.7004275932621,126.78006885725448,107.70419564803169,3.938341874595326e-05,281.87080052096934,94361.0605845767,9339.35548464461,0.0001417830723656
2015-09,0.0083811413496732,0.3044665157794952,27.556671142578125,-0.571805477142334,-0.018933817744255,-0.0018374999053776,-0.5113259661166368,-0.4119057166825404,274.97344855719626,279.83702054280974,83.96132340521885,66.98746301187447,3.14620408642407e-05,274.6714187517851,93959.05141572768,9339.16623475023,0.0001132691889907
2015-10,0.0406603962182998,0.4606625139713287,27.51886749267578,-1.339785099029541,-0.0297175403684377,-0.0133466515690088,-1.0046429128808152,-0.3212050153465429,268.6414006283632,255.12689452819103,36.472212404925024,24.202676771648196,1.3914150552426345e-05,267.71313313615445,94057.53629778486,9338.9845633993,5.0100345236195485e-05
2015-11,0.0688400715589523,0.6534459590911865,27.47115707397461,-1.499529480934143,-0.0298614278435707,-0.0027622617781162,-0.4337114553175897,0.3078329472670117,258.5992477482964,220.2414856054787,5.591840778906005,2.900557149816186,1.7780383546436916e-05,256.50550536920764,93500.54975847568,9338.942473177938,6.401696600449548e-05
2015-12,0.121960163116455,0.9475284814834596,27.43319320678711,-1.4974520206451416,-0.0283275917172431,-0.0005524863372556,-0.8576928513321807,-0.2465739992333138,251.65114346288112,189.73063328532825,0.873168889791105,0.4034220456210222,6.740295228959518e-06,248.65303183609865,93386.90225432014,9338.94147116056,2.427756077886533e-05
2016-01,0.1545482277870178,1.129257321357727,27.38627815246582,-1.4947270154953003,-0.0284147411584854,0.0028409908991307,-1.257793174788692,-0.2216720959587146,256.8205060502341,207.93695304260044,4.248024191162507,2.1747948185869794,5.823392108509546e-06,254.22891818738003,93636.29843015064,9338.941473425384,2.0983464476869444e-05
2016-02,0.1490209251642227,1.2968473434448242,27.571386337280277,-1.5050054788589478,-0.0523940399289131,0.0147570120170712,-1.8499782848245132,-0.2306917881096515,256.4455668100282,201.48225479334045,30.721706288379547,16.060213484107617,4.786252854563314e-06,254.38803139914063,93830.05369655244,9338.9414916691,1.7244580526349685e-05
2016-03,0.1447234749794006,1.4373438358306885,27.90704345703125,-1.5242931842803955,-0.0340213812887668,-0.00634246179834,-1.269622237671604,-0.7323338660643296,260.1949153363731,211.9853128848694,95.37086782869264,48.12194238814597,9.533765480057198e-06,259.1326362670144,94065.45429391335,9338.941474988043,3.434015938509182e-05
2016-04,0.1752712726593017,1.6272226572036743,28.19317054748535,-1.5399032831192017,-0.0511425510048866,0.0179050117731094,-2.146392917459498,-0.4372231884093394,269.33574799366943,239.86218785452965,179.86793373584615,99.73779442070062,8.026000528808775e-06,268.5552491412904,94345.30046627553,9338.945194782636,2.8904832516272215e-05
2016-05,0.1478074193000793,1.6287533044815063,28.27544403076172,-1.4916259050369265,-0.0271578654646873,-0.0040461551398038,-0.7431247324438419,-0.2096863896443324,279.0632395501845,280.817737718495,217.96772082663173,170.5252107356149,1.6745183702585248e-05,278.72056080468576,94794.1423853024,9339.0327147275,6.0290846008977934e-05
2016-06,0.0406831391155719,1.4347976446151731,28.095369338989254,-1.1356849670410156,0.005250250454992,-0.0134176518768072,0.5613588430170517,0.1428792933705848,283.64463466552115,304.33832299305175,235.7425670312982,199.3112555069108,3.058817834982596e-05,284.15881250597306,94402.48927583966,9339.189010986673,0.0001101213476187
2016-07,0.0011502096895128,0.911074697971344,27.809783935546875,-0.3871418833732605,0.0036540434230118,-0.0031636480707675,0.5713860735480741,0.0617484341704801,286.0870652416432,326.43850415721136,194.84669594266344,167.65346464273395,3.980529763867318e-05,286.76216381647845,94486.85808581558,9339.411123927175,0.000143302814126
2016-08,0.0035133261699229,0.2046056538820266,27.659637451171875,0.289454311132431,0.0132959615439176,-0.0076097170822322,-0.1490652580329594,0.2554727729167418,284.0259469728349,320.74330368477985,133.83550391303206,115.7483925040521,3.285467097141559e-05,284.1184808000431,94713.62928517297,9339.418624612548,0.000118280154928
2016-09,0.0043471283279359,0.0406746864318847,27.680971145629883,0.0419167093932628,0.0277335792779922,-0.0359362587332725,0.3480125134785879,0.3442847519308278,276.85519056970514,279.8761353254886,91.46055197807362,75.45840100228497,2.70310342224482e-05,276.51008084636504,94182.6208915078,9339.277993283216,9.7315800349684e-05
2016-10,0.0198392979800701,0.0826577246189117,27.559106826782227,-0.8714205026626587,-0.0136226518079638,0.013542890548706,-1.0329507358995904,-0.1181275531993978,267.1237346596228,226.4499924482321,44.875980141911725,35.47803774295215,3.929078703270131e-06,266.0179126137319,94463.82315050309,9339.073220577124,1.414846530007468e-05
2016-11,0.060335773974657,0.4033324420452118,27.553247451782227,-1.4652615785598757,-0.0310490168631076,-0.0096058100461959,-0.6212470096279908,-0.2949872404362159,257.2263362833201,209.12687667884148,5.937940055916374,3.8920746309412575,6.745645058746246e-06,255.02466421785385,93471.28662515384,9338.950576678651,2.429169314253601e-05
2016-12,0.0980995669960975,0.7691653370857239,27.423398971557617,-1.4967632293701172,-0.0069015906192362,-0.0080239828675985,-0.2515006423999005,0.0416805668490121,251.620764704892,193.5492564259173,0.8913745977087302,0.4441748188983337,9.360518400276214e-06,248.97871759722472,94415.95963946731,9338.9414858866,3.370237308549993e-05
2017-01,0.1787436753511428,1.0585675239562988,27.468170166015625,-1.4991925954818726,0.0010748944478109,-0.0085540870204567,0.2930307068386489,0.3273618126098495,252.6492841678954,198.97521496876053,4.689546858848049,2.280736830112845,1.150845753290347e-05,250.1217090815657,94147.32472825164,9338.941486790083,4.1441780090353966e-05
2017-02,0.2400358468294143,1.375400185585022,27.561260223388672,-1.504503607749939,-0.0037635629996657,-0.013168316334486,0.2735555595861442,-0.0907518698586581,253.5504841115352,199.16522062585747,29.61708264886468,13.725641691593236,1.3412838290036445e-05,251.56034639721756,94277.21781148422,9338.941462174402,4.829456573950399e-05
2017-03,0.2984315156936645,1.758874535560608,27.888731002807617,-1.5231276750564575,0.0133300283923745,-0.019202945753932,0.3860482546934269,-0.4846861621274131,252.4434474331649,175.75664300014907,107.3036705309212,51.06848036345717,4.1647056594768495e-06,251.13522148427472,94753.73176796456,9338.94147940846,1.5000890577674291e-05
2017-04,0.3202714323997497,2.032454252243042,28.057218551635746,-1.5329331159591677,-0.0199630204588174,0.009251176379621,-1.604298762291108,-0.7239162040771545,267.112627534122,220.41121666349704,196.31747844720147,104.05330962796862,4.1261029883120965e-06,266.1418697480036,94600.08316405346,9338.941511476696,1.4861977876414536e-05
2017-05,0.2853328287601471,2.0979714393615723,28.12781524658203,-1.5370622873306274,-0.023545641452074,0.0178945753723382,-0.657543958242179,0.0229342683573855,277.80215562738294,275.70806123479986,224.4759219862539,157.8654406828221,1.7876459597434776e-05,277.2387836961564,94267.79176677392,9338.942842295235,6.436432127543205e-05
2017-06,0.032696571201086,1.9735265970230105,27.99208068847656,-1.372118592262268,-0.014737487770617,0.0043961694464087,-0.873445672796486,-0.4448174005823765,283.9654947157333,298.68160158641484,260.162440647773,217.8923622285983,1.7432558752040884e-05,284.6908486674638,94428.15042039537,9339.070589278002,6.276069619982843e-05
2017-07,0.0014269041130319,1.3112895488739014,27.701324462890625,-0.3405530154705047,-4.371384420664981e-05,-0.0027328219730407,0.151709783745942,-0.0100395061905654,287.4742649142541,327.37487729191326,216.69390103338043,187.21065692808705,2.6482139279757142e-05,288.3116359975445,94583.0753470107,9339.431250870291,9.534002285965502e-05
2017-08,0.0036092628724873,0.6437932252883911,27.586759567260746,0.3326834738254547,-0.0080204494297504,0.0012572749983519,-0.0636042666337523,0.2144267306136458,283.6994514401961,318.96613133092063,135.6001677921484,116.28831970562749,3.70067912819828e-05,283.7978482867819,94109.20684739247,9339.558863400664,0.0001332287356642
2017-09,0.00576779153198,0.2740854918956756,27.47879219055176,0.0763901099562645,-0.0218264665454626,0.0120799764990806,-0.4835623958967681,0.0672382930131738,278.0777322081716,293.0319204340333,83.98494992984412,71.16946986922419,2.5845517114905062e-05,277.7256767963143,94102.03748930871,9339.350896647167,9.305056860911084e-05
2017-10,0.0217267293483018,0.3561587631702423,27.612586975097656,-0.9703236222267152,-0.0458937548100948,0.0242088437080383,-0.1447234479164787,0.4023953418420137,268.93064847458953,256.2683565658592,32.984134501176214,23.741643056409075,2.2100028080805823e-05,268.0048490541305,93900.30804649043,9339.082673255692,7.95670183535163e-05
2017-11,0.0736463591456413,0.5567976832389832,27.589330673217773,-1.4881339073181152,-0.0326154790818691,0.0031046941876411,0.1215226850150355,0.2143125364888749,256.7500583761898,210.40222406659396,5.789289209109274,2.9688900780846823,1.0361246300512164e-05,254.62307258264235,94373.91351485644,9338.949676391929,3.7310749021535503e-05
2017-12,0.1315981149673462,0.9052622318267822,27.571882247924805,-1.505268096923828,-0.0506889522075653,0.0044279177673161,-0.9714080635846882,0.3145239276633168,259.1277162452288,222.199671572847,0.7756465311823934,0.3432593077747953,1.5587238745004088e-05,256.60296614360044,94348.66068338593,9338.941506622845,5.612131497437648e-05
2018-01,0.1567188948392868,1.0449291467666626,27.57621955871582,-1.5055612325668335,-0.0328067690134048,0.0070681115612387,-0.6657112614773775,-0.3103428748457434,252.4442402185708,194.4482631682309,4.877985974825354,2.4580969472852083,8.168834221834705e-06,249.9015860117735,94366.76803611116,9338.94148591678,2.94138712755178e-05
2018-02,0.2281146645545959,1.3284071683883667,27.72935676574707,-1.5141242742538452,-0.0186856780201196,-0.02331218495965,0.8094299137188745,0.2979411202353779,254.95799156064624,201.00821919238956,28.91295098609359,13.60078757399374,1.2055627435345722e-05,252.71335442142853,94914.5834421178,9338.9414869313,4.34076908905768e-05
2018-03,0.2549839913845062,1.655200719833374,28.04726219177246,-1.532221436500549,-0.0256664603948593,0.0147686367854475,-0.5608033317521285,0.1365092046453994,258.96137219095857,203.6008690297168,100.67544891793138,46.58329799552517,7.463768505443812e-06,257.4554585177,94706.7031516848,9338.941473006376,2.6875780732960835e-05
2018-04,0.2560587525367737,1.8336340188980105,28.21585464477539,-1.5418939590454102,-0.0266820006072521,-0.0038497541099786,-1.2104544364892804,-0.3758531085914597,265.727085092518,214.9182676938158,193.6888527973809,97.723792485278,8.004708042977154e-06,264.76511405935315,94459.5729978028,9338.94162919991,2.8820860739579413e-05
2018-05,0.2562601268291473,1.9086002111434937,28.26673889160156,-1.5449472665786743,-0.0302522350102663,0.0018831865163519,-0.9830289705574512,0.0321551664097924,276.13269405645366,269.6520652647436,225.60854745562685,146.5298267641153,1.8787500366261504e-05,275.53437777830635,94215.8474388438,9338.94379771619,6.764033688324756e-05
2018-06,0.0711003839969635,1.900159478187561,28.1064510345459,-1.5360569953918457,-0.0086407205089926,-0.0096993800252676,-0.2795218840155481,-0.3349154833102516,282.4772754009442,302.8455144873678,231.3413077573809,187.5355459925813,2.9675271484001112e-05,282.95814038248625,94316.37558210768,9338.973623634873,0.0001068362510826
2018-07,0.0026599646080285,1.5559858083724976,27.91674041748047,-1.5050328969955444,0.0183191355317831,-0.0159889608621597,1.0152366188939772,0.5533770538149583,286.3707322491023,323.9182252998908,208.78693786617043,177.64171590574426,2.6341914505172545e-05,286.74177913459954,94843.48186704871,9339.125926543284,9.483416865687307e-05
2018-08,0.0029385739471763,0.7873325347900391,27.797292709350582,-1.1825250387191772,-0.0132847372442483,-0.0120099680498242,0.5751176613297251,0.1857638884640954,281.49461490796944,315.4546540454739,116.97131969917976,99.59647961319448,4.726925630468034e-05,281.6376024663501,94229.57400359686,9339.18238467747,0.0001701740668508
2018-09,0.0147756654769182,0.5241607427597046,27.68044090270996,-1.002305269241333,-0.0166350789368152,-0.0059629301540553,-0.0629512611850056,-0.0376070665504934,276.33953463276816,275.97036066773006,95.07904632391411,80.10119593123315,2.046516833341389e-05,276.13003105803256,95112.11253804712,9339.112668987527,7.367832996575236e-05
2018-10,0.0343603678047657,0.6454314589500427,27.524398803710938,-1.3539819717407229,-0.0315583609044551,0.0224668681621551,-1.2349008903254983,-0.013076025753398,270.0653424127322,251.86479806352472,40.645019116976194,31.777417429201,1.6491428012860487e-05,269.18615553929624,94056.31862685995,9338.980386151869,5.937501220363287e-05
2018-11,0.0943029895424842,0.8199724555015564,27.52130699157715,-1.5021147727966309,-0.0307937953621149,0.0074074254371225,-1.0252632697675867,-0.2549051656298874,259.1783528921359,223.52020722313367,6.149777450171098,3.907560907892182,1.1958229260355478e-05,257.4384120685967,94156.24924320214,9338.942546992625,4.3057170925292506e-05
2018-12,0.1301109343767166,1.2266972064971924,27.43856239318848,-1.4977593421936035,-0.0149349132552742,0.0022078310139477,-0.7381349336049142,0.0408802099368073,254.70293705418268,208.86938634432028,0.7941341181644311,0.355289634910439,1.232908607489728e-05,252.6611634646733,93420.87369299232,9338.941474981337,4.439324586852904e-05
2019-01,0.1505307406187057,1.3031527996063232,27.41630172729492,-1.4963635206222534,-0.0243799146264791,0.0161363240331411,-0.7446824095031166,-0.0522252368761162,251.5793918567801,191.2581929293837,4.40482666968504,2.191496043092347,8.142183128812176e-06,248.9620537604088,94245.84988708555,9338.9414862162,2.9320043253647497e-05
2019-02,0.1719892770051956,1.343283772468567,27.64494514465332,-1.509251832962036,0.001313904649578,0.0019269353942945,-0.087476242935631,0.7828332340535136,255.84299763015747,203.46541854951295,30.16580190860719,14.14219969497756,9.004139720325869e-06,253.70194428261715,94977.35745779004,9338.941499181828,3.242668891246421e-05
2019-03,0.2070148885250091,1.6214252710342407,27.961580276489254,-1.5273890495300293,-0.0110478550195693,-0.0026132543571293,-0.5196351434047844,0.4428805638034814,265.4005548276781,232.47883493848204,89.75978042741411,44.682504809246645,1.106092091492327e-05,263.78965319588,94349.50399455888,9338.941606194709,3.98257756313997e-05
2019-04,0.2542506158351898,1.8865602016448972,28.153152465820312,-1.5383678674697876,-0.0264802202582359,0.0027342557441443,-1.199156397470376,-0.5634325539108144,267.8105233014296,230.44032705302655,180.39826318406952,98.32474938487653,8.295315007925014e-06,267.1882759669023,94309.91526292582,9338.942168208298,2.987158545393629e-05
2019-05,0.195951759815216,1.8767801523208616,28.238718032836918,-1.520415186882019,-0.0321528203785419,0.025628600269556,-1.3106980977578877,-0.0600912075443353,278.74799127999404,273.97732295541573,234.91815807954265,171.40873350710154,1.4516616545274654e-05,278.2293344489246,94545.2323221201,9338.970751872504,5.226519839381018e-05
2019-06,0.0263168644160032,1.5728353261947632,28.145463943481445,-1.0042779445648191,-0.0253511779010295,-0.0026668633799999,-0.1826985113738315,-0.5805558516031812,284.5633904769475,303.55875661303907,254.8449297014824,219.34186213163517,2.0700557289848825e-05,285.5121341993854,94789.95175471508,9339.138221098745,7.452765011645794e-05
2019-07,0.0012706278357654,1.2852312326431274,27.84643173217773,-0.3083715438842773,-0.0088546406477689,0.0118845533579587,0.2765971249231013,0.0634251672878341,287.5638375135082,329.49727501436706,214.3196591327904,184.8880072359665,2.3601254328333824e-05,288.6455429744317,94626.22293930332,9339.386203997748,8.496918714265629e-05
2019-08,0.0049669323489069,0.8131964802742004,27.70551109313965,0.0521809421479702,-0.0112141575664281,-0.0254207160323858,1.2311143958424162,-0.0640176094781648,281.6810111944952,309.6053886740023,132.5557393107021,112.70675567004103,3.872469562155855e-05,282.01151471959,94835.78874202416,9339.347120518523,0.0001394147289316
2019-09,0.0058303116820752,0.504419207572937,27.68060874938965,0.119770660996437,-0.0344875492155551,0.028542535379529,-0.4500269339941647,0.30611963261087,278.5073510617711,291.3792094264754,91.56430087946757,78.35958913708289,2.161262903948096e-05,278.2906422272526,94129.9334060844,9339.32292681404,7.781001060587776e-05
2019-10,0.0334662981331348,0.5987178683280945,27.586027145385746,-0.7977147698402405,-0.025380739942193,0.0127436807379126,-0.1583226408502611,0.4697320017920148,269.1906429464291,252.41219354210187,36.18337999617004,25.11601320033787,2.175630622934941e-05,268.2760142267616,94087.98908478732,9339.12194732726,7.83265368270461e-05
2019-11,0.0885262340307235,0.6184742450714111,27.683006286621094,-1.4405725002288818,-0.028602572157979,-0.0023978340905159,-0.3857617120733408,-0.2245781901686565,259.13744212030707,220.07697129018143,5.904651657493836,3.3433235166683613,1.959297969594665e-05,257.13520815290786,94254.18134250812,9338.951134185343,7.054105717565457e-05
2019-12,0.1432968825101852,1.1412092447280884,27.56133079528809,-1.5044817924499512,-0.035503152757883,0.0011211399687454,-0.935264773597152,-0.3514428666638723,250.5800274197737,190.60605581644015,0.8542473748724738,0.3910712393106447,9.484977644443903e-06,248.52041699470908,93529.115734382,9338.941716776912,3.4158054512098124e-05
2020-01,0.1919776946306228,1.2451611757278442,27.408601760864254,-1.4959391355514526,-0.0169473830610513,-0.0085375010967254,-0.2980841776408299,-0.4982581800584315,245.503885275491,171.2422944283876,4.7676600371218765,2.3836469486628764,7.544745355387825e-06,242.8502215752917,94241.73384055584,9338.941486804282,2.7172234225352008e-05
2020-02,0.233053371310234,1.361179232597351,27.599170684814453,-1.5066564083099363,-0.0103310765698552,-0.0006334437057375,-0.1208519662763978,0.0999105980014098,248.8549159297236,183.04101742163675,30.67244683929736,14.431055128163846,1.0406194141660705e-05,247.0325106749056,93972.82196623106,9338.941480882637,3.7472386469001776e-05
2020-03,0.2669077217578888,1.551272749900818,27.99790382385254,-1.5290825366973877,0.0017727963859215,-0.0057378686033189,0.7893362115364065,0.2493782005503507,256.1415203076906,199.7050267261008,95.5719150915038,43.27456018758586,1.3010865986848078e-05,255.01760178388855,94697.51752903892,9338.941486064276,4.684972302066786e-05
2020-04,0.299195796251297,1.934346318244934,28.185104370117188,-1.540047526359558,-0.003129698568955,-0.0017653628019616,0.3538951082750017,0.3194559248995691,266.8415845219703,234.04384037985764,174.09611595693715,83.10086861192606,1.6047031354795283e-05,265.9193818442772,94465.88787796268,9338.941473281016,5.777821820347997e-05
2020-05,0.2980982959270477,2.124901056289673,28.184402465820312,-1.5402231216430664,-0.0262683201581239,0.0101635446771979,-1.3961231151034854,-0.5604001102548158,277.54756696324955,262.8127218186328,254.21663477877567,175.58578944586202,8.452917236301308e-06,276.8717034484204,94827.62392816618,9338.943370428457,3.0436846761894693e-05
2020-06,0.029103884473443,2.1164121627807617,27.874155044555664,-1.507959246635437,-0.0169117823243141,0.0072376346215605,-0.5434697245490405,-0.0956450432778094,283.85861842800017,305.76892130353974,236.2687454000108,198.4352481997112,3.094297145730082e-05,284.5737384762156,94209.73833144548,9339.03300108318,0.0001113987752956
2020-07,0.0018743637483567,1.8984239101409912,27.4968204498291,-1.3473433256149292,-0.0270627439022064,0.0065274317748844,0.3565238189358039,-0.134027577699652,283.90222192400125,318.5167728093801,186.84380594800533,159.66384922351455,3.082647808484206e-05,284.466110283096,94494.93213015098,9339.22026730181,0.0001109778667896
2020-08,0.0035339794121682,1.386220097541809,27.37849998474121,-0.7835918664932251,-0.0204449314624071,0.0197418369352817,-0.6855153869735747,-0.3457753226018337,283.8510067322648,317.72854386850764,144.02808651039388,124.45939980994808,2.721972491559394e-05,284.232922285129,94190.93180776898,9339.42379780413,9.799654158181118e-05
2020-09,0.0113386120647192,1.1148064136505127,26.986801147460938,-0.851370632648468,-0.0261607468128204,0.0081710703670978,-0.1143600953776859,0.0429594844550532,277.26311111246923,291.5742904367788,81.11737032700198,67.76919725694806,2.465252984860532e-05,277.0317353007961,94310.58030519118,9339.252858395992,8.875664369666272e-05
2020-10,0.0270870141685009,1.0261205434799194,27.03424072265625,-1.3783055543899536,-0.0333174876868724,0.0102771054953336,-0.3712041215968241,-0.0997339766371784,267.381672701426,241.1579782878903,37.670512028397255,29.577209705812454,1.1561048933412167e-05,266.8119640640434,94575.1338558514,9339.016735980196,4.162489315097533e-05
2020-11,0.0813186466693878,0.6685754656791687,27.34136390686035,-1.4915200471878052,-0.0176316294819116,-0.0089064864441752,-0.2971065095309767,0.2851602291743131,256.4432205177375,209.2606336362948,5.856895950950369,3.1424156002056605,1.275042618777736e-05,254.47256661440895,93614.53094116291,9338.94233665388,4.591258969558282e-05
2020-12,0.1315664798021316,1.022119402885437,27.231748580932617,-1.485982060432434,-0.0530634634196758,0.000762210576795,-1.141310606149615,-0.3332957842023021,253.58417471143824,199.8534301499756,0.8094726543077141,0.3559864702434747,1.0673732597772511e-05,251.22580041195403,93617.64070125148,9338.941480891686,3.844082462442811e-05
2021-01,0.1598881930112838,1.2989318370819092,27.18571662902832,-1.4833993911743164,-0.0505800805985927,0.0146639579907059,-1.2017804260442155,-0.3089565353038276,253.41066483005383,201.0835350097677,4.579692144458414,2.278229236336038,7.172741555991274e-06,251.20423210109476,93475.06406472305,9338.94148735002,2.583226476999373e-05
2021-02,0.1820993423461914,1.5122063159942627,27.56068992614746,-1.5044769048690796,-0.0274639651179313,-0.0162477828562259,-0.2710799777914737,-0.4222721249539445,246.24985062221032,168.48888704014593,31.02010881437993,15.594557429185729,7.045052926167042e-06,243.9496792309003,94702.4291112997,9338.941481448155,2.5365702224887392e-05
2021-03,0.1970056295394897,1.6286927461624146,28.17333984375,-1.5393751859664917,-0.0237433966249227,0.0137046854943037,-0.4224989369175319,0.0099945568058407,254.18147804724055,189.93995990961056,98.38897609544924,47.9638314528005,8.505859541851192e-06,253.3611734668661,94092.77903705736,9338.94148872665,3.063003458915341e-05
2021-04,0.2218500524759292,1.7093158960342407,28.410106658935547,-1.5529730319976809,-0.0005927287274971,0.0008851617458276,-0.2399941256996928,-0.1210556447919369,265.2003215834217,217.06143466941236,192.85080028666957,98.1507397191485,8.317405440748322e-06,264.0595012485051,94841.63801983483,9338.94150755914,2.9946780399496616e-05
2021-05,0.220185250043869,1.72795569896698,28.180370330810547,-1.5401756763458252,-0.0232614539563655,0.0048196706920862,-0.9769474235873342,-0.532769744263485,276.31262670057083,270.80602473877826,221.55689180597645,157.06344767414834,1.60837213235664e-05,276.1654632761543,94669.3973221054,9338.946491158487,5.790719187822154e-05
2021-06,0.0521702580153942,1.647637963294983,25.760278701782227,-1.387246012687683,-0.0031330361962318,-0.0029936763457953,-0.1535656483059751,0.1064283071119088,284.7392548549687,309.1316585773903,241.90164357351568,201.1977587171561,2.2887646614664925e-05,285.15148222240555,94306.3721415878,9339.014805457884,8.239751591431648e-05
2021-07,0.002031271578744,1.1781318187713623,25.482666015625,-1.1136856079101562,-0.0053331186063587,0.0033796408679336,0.6022549282485274,0.6641474848017065,286.40266659926215,325.62365495856824,203.7425932697857,174.85859490089646,2.639820295922032e-05,287.0803205512256,94542.06158202612,9339.28040101196,9.503609099018995e-05
2021-08,0.0087856743484735,0.7616921663284302,26.040342330932617,-0.610023558139801,0.0283453166484832,-0.0116223990917205,0.4784003484960258,0.3978776857136885,282.31496091603043,316.84093635641943,126.37154016648076,108.20436150752144,3.5671872901140595e-05,282.53086790041925,94249.03676544568,9339.46668190712,0.0001284207041028
2021-09,0.0158542729914188,0.325459361076355,26.51102638244629,-0.6563072800636292,-0.0142431436106562,0.0266509801149368,-0.2402173295913816,-0.0255611439879426,276.1205057450275,278.26380120982105,92.28387921617627,75.20136199751936,1.9712111463275804e-05,275.9290263978069,93769.02279200083,9339.296744890104,7.096674398069579e-05
2021-10,0.0476670190691947,0.5536197423934937,26.836732864379883,-1.3180534839630127,-0.054518811404705,0.0177030116319656,-0.6735374288755607,-0.047715305837557,268.241195781148,253.2733931598979,34.96102720180383,22.505462827762017,1.4353290685464856e-05,267.1559839632697,93265.9757541503,9339.020704492494,5.168160770584501e-05
2021-11,0.1172232180833816,0.840717613697052,27.289352416992188,-1.4887586832046509,-0.0384092181921005,-0.0108620934188365,-0.3142326951071403,-0.765802471230807,254.3474264681944,198.02842115951344,5.933014114746807,3.381924620457885,9.059065382960552e-06,252.2082899740809,94018.18123072069,9338.942842601831,3.261636004713124e-05
2021-12,0.148179292678833,1.1737226247787476,27.22818374633789,-1.4857484102249146,-0.0259246863424778,0.0001327996724285,0.2965785145138341,0.158429567774429,251.0687916932627,196.03631679477277,0.7772807492512079,0.341585261010879,2.15070031386162e-05,248.9401272838807,94003.18342894412,9338.941486988017,7.743573963013255e-05
2022-01,0.2042255848646164,1.298604130744934,27.34937286376953,-1.4925531148910522,-0.0125833544880151,-0.0394543372094631,-0.0571851074301324,-0.5264467489652531,249.31976088549263,187.476555620683,4.508510092637435,2.161489372184123,1.069251491673401e-05,247.03371309887487,94588.75751539844,9338.941482922646,3.849997072149547e-05
2022-02,0.2583355605602264,1.6292121410369873,27.58544540405273,-1.5058592557907104,-0.0119829280301928,-0.0134784653782844,-0.5221922949786155,-0.2391552387187435,250.4353280172625,189.85579046730928,28.084976897546834,13.104799100163635,1.3481179713688098e-05,248.3678690801782,94605.10055035468,9338.9414762802,4.8538593985578654e-05
2022-03,0.2852604985237121,1.8636714220047,27.952117919921875,-1.5269654989242554,-0.0192206893116235,-0.0114300958812236,-0.9292398654591664,-0.5777079021991646,257.853355390023,196.563174075969,101.76204745576814,49.439196276186685,7.251086021196358e-06,256.74667333389937,94467.60527425112,9338.94148473726,2.610892231807784e-05
2022-04,0.2991056442260742,2.00361442565918,28.126806259155277,-1.5369367599487305,-0.0268082730472087,-0.0014258116716518,-1.1013573231533331,-0.3722154170254091,265.057044408835,209.7126705694275,202.66982673394088,105.38273486162008,2.92323126002298e-06,264.1450867409061,94720.97027562544,9338.941551667209,1.0528772116911707e-05
2022-05,0.2889030873775482,2.0053062438964844,28.17612648010254,-1.5399301052093506,-0.0054513807408511,-0.011645371094346,0.0828283917651779,-0.2906025117708358,276.2025216076203,268.01074584404085,231.4909831594136,149.92813141370974,1.2644410066317794e-05,275.4756862474291,94447.95890771682,9338.942957770649,4.5526174241248096e-05
2022-06,0.0831489935517311,1.9825798273086548,27.871976852416992,-1.5233381986618042,-0.0022573466412723,0.0003800522827077,-0.3443266966056085,-0.3973591940420765,283.98805725708104,302.55857383096657,256.6987950283159,210.6751986043996,1.7380652593169848e-05,284.7172212432604,94809.46646832491,9338.958055096587,6.257260082517945e-05
2022-07,0.0033751514274626,1.645130634307861,27.52496719360352,-1.450308322906494,-0.0211063381284475,0.0013849687529727,0.1753379110773985,0.338697033823462,285.93774973262344,322.6384727327276,209.75228651335888,179.215857500335,3.2833761845118914e-05,286.80059389310173,94257.91940160572,9339.145345185254,0.0001182032604211
2022-08,0.0055309887975454,1.1889002323150637,27.426942825317383,-0.9201914668083192,-0.0025681459810584,0.0083506051450967,0.0228854634372204,0.5397026226230033,283.1990386251371,317.7625980415028,137.36125448205422,118.24545777005711,3.5253990385843095e-05,283.27776802144024,94159.64758748635,9339.355572728737,0.0001269182434236
2022-09,0.007403549272567,0.6895202994346619,27.401674270629883,-0.535499632358551,-0.0611799731850624,0.0397435277700424,-0.6842966621893655,0.3913551530997833,277.7828973477287,292.3891356674598,81.87318174092633,68.23889176665857,3.192721217172395e-05,277.38644594033246,93847.93746599928,9339.27047181008,0.0001149416858309
2022-10,0.0234737750142812,0.6413143277168274,27.35740089416504,-1.2495988607406616,-0.0252080373466014,0.0137238698080182,-0.4960542448758855,0.0738073714462214,267.7372861996749,247.599641858529,34.57787779421905,24.333854525447308,2.2197091875047725e-05,266.8493216525598,93859.26987489485,9339.01343242061,7.991453567801308e-05
2022-11,0.076088011264801,0.6281867623329163,27.37814140319824,-1.4937254190444946,-0.0200812518596649,-0.0101438639685511,-0.2089139451924868,0.1479426648245986,258.77532684298137,221.6272104616881,5.704811506554703,2.987979905242641,1.3158017360620342e-05,256.6448132725568,94615.87421915516,9338.94183025654,4.737360643256228e-05
2022-12,0.1344848722219467,0.9893678426742554,27.39613914489746,-1.4953874349594116,-0.0368336476385593,0.0171878356486558,-0.4133645063997004,-0.0304221319013032,251.67597007745087,194.9621866088924,0.8748009303563895,0.3913061212842195,1.1886852638551264e-05,249.4065333078436,94649.80415092992,9338.941481496113,4.280001100609395e-05
2023-01,0.1714890599250793,1.2118334770202637,27.36147117614746,-1.4934288263320925,-0.0615198761224746,0.0030918021220713,-1.2083813383644242,-0.4512373757131382,254.6502555747798,210.3763556808705,4.023541958495023,1.9321435064381365,1.1269366373044263e-05,252.69532984951655,93849.54882922972,9338.941481389538,4.05775216117215e-05
2023-02,0.1744890064001083,1.3023157119750977,27.637775421142575,-1.5090882778167725,-0.0396037511527538,0.0007962530362419,-0.475667150563229,0.0544077133681982,250.53066050799603,186.533102884674,29.04078758606203,13.544866165803954,8.893998364466616e-06,248.49403292969996,93907.6895091646,9338.941479923762,3.202835981059888e-05
2023-03,0.1872805804014206,1.46364164352417,28.0922908782959,-1.5348976850509644,0.0024892932269722,0.0088560879230499,-0.3511047507243411,0.1986850823232655,257.204011597746,200.3992088365033,97.33728086632418,45.003233646286496,8.71573229137627e-06,255.97729711323797,94535.0998764568,9338.941484264607,3.138189635049087e-05
2023-04,0.206817552447319,1.585465908050537,28.33059883117676,-1.5486619472503662,-0.027512215077877,-0.0042745717801153,-0.4894202204842243,-0.7140790062779475,262.0514469157364,217.94339586712667,181.32759333185103,82.25703880692157,1.0553054581075849e-05,261.8019315929466,94264.76023853644,9338.941475505288,3.7998889393551405e-05
2023-05,0.2244066745042801,1.6817495822906494,28.34759330749512,-1.5497312545776367,-0.0008519760449416,-0.0103801460936665,-0.3898980303649178,0.3361469042446374,277.67786919221174,274.2787725769128,227.96466938260187,144.9002073099259,1.7978670351601407e-05,276.5885436647791,94314.1198123411,9338.942584969998,6.47282157140964e-05
2023-06,0.0320744626224041,1.5857709646224976,28.07821273803711,-1.5217760801315308,-0.0111218076199293,-0.000991950277239,-0.0988501140442763,0.4473437376053921,283.68047758052376,307.21708910173646,236.97859422922045,193.5438091593942,2.758264943681784e-05,283.8680107606558,94308.12124053668,9339.033788834684,9.930271908377644e-05
2023-07,0.0010252516949549,1.1087249517440796,27.66322898864746,-0.6309741139411926,-0.0090496484190225,0.0136366318911314,-0.0521215452119324,0.2771640187582463,288.80103049869706,337.60728297077685,213.04817642088187,183.93721593654507,2.6858543965120034e-05,289.3654114326536,94779.10974535656,9339.471083264272,9.669574316241428e-05
2023-08,0.0057992432266473,0.4203294813632965,27.524494171142575,0.6310833096504211,0.0031660911627113,-0.0024015421513468,0.0078533450878353,0.4362006112720169,285.3774451115333,328.79400357034945,141.10294700384546,121.99673677988608,3.424487442759775e-05,285.89674714215937,94427.2656171526,9339.6270784308,0.0001232837402529
2023-09,0.0027079817373305,0.1172805652022361,27.52838897705078,0.802656352519989,-0.0201113615185022,0.0119379209354519,-0.0993387102516215,0.301551658502326,277.21940308230216,287.1995419566105,83.75286569433707,70.540361226032,2.4239890090116527e-05,277.010670289041,93790.52748565684,9339.36388058345,8.726720726069375e-05
2023-10,0.0209815297275781,0.145403504371643,27.4642276763916,-0.4631182849407196,-0.0090623991563916,-0.0310579221695661,0.2787530376494793,-0.0020951101490008,267.8913889536184,250.5058097735877,36.78567107427679,24.474278345626345,1.792101695123035e-05,267.07405257774604,94429.1981827847,9339.130580170558,6.452377796567878e-05
2023-11,0.0770793184638023,0.5035167336463928,27.527740478515625,-1.4653781652450562,-0.0412837527692317,0.0071476576849818,-0.9059641841555848,0.0428202531528313,261.5283814667819,231.3743642453417,5.356572908064,2.940991497984339,1.617768285186943e-05,259.7861893545096,93640.45759326773,9338.959132415152,5.8250745640678e-05
2023-12,0.1472023427486419,0.8478120565414429,27.385723114013672,-1.4947094917297363,-0.041328027844429,-0.0004288901109248,-0.6141223640733352,-0.1734195109145032,253.6123840122636,203.64038930843512,0.8544583293817315,0.3783905402930323,1.5653168238660918e-05,251.3650218081553,93039.6210786174,9338.941478790384,5.636797525246046e-05
